Title,Price,Rating,RAM,Display,Camera,Battery,Warranty
"REDMI 15A (Amaze Purple, 128 GB)","₹15,999",3.9,4 GB RAM | 128 GB ROM | Expandable Upto 2 TB,17.53 cm (6.9 inch) Display,32MP Rear Camera | 8MP Front Camera,6300 mAh Lithium-Ion Polymer Battery,1 Year Manufacturer Warranty for Phone and 6 Months Warranty for In the Box Accessories
"REDMI 15A (Amaze Purple, 64 GB)","₹14,999",3.9,4 GB RAM | 64 GB ROM | Expandable Upto 2 TB,17.53 cm (6.9 inch) Display,32MP Rear Camera | 8MP Front Camera,6300 mAh Lithium-Ion Polymer Battery,1 Year Manufacturer Warranty for Phone and 6 Months Warranty for In the Box Accessories
"Samsung Galaxy F07 (Green, 64 GB)","₹9,999",4.3,4 GB RAM | 64 GB ROM | Expandable Upto 2 TB,43.23 cm (17.018 cm) HD+ Display,50MP + 2MP | 8MP Front Camera,5000 mAh Battery,1 Year Manufacturer Warranty for Device and 6 Months for In-Box Accessories
"Samsung Galaxy F70e 5G (Limelight Green, 128 GB)","₹12,999",4.2,4 GB RAM | 128 GB ROM | Expandable Upto 2 TB,17.12 cm (6.74 inch) HD+ Display,50MP + 2MP | 8MP Front Camera,6000 mAh Li-ion Battery,1 Year Manufacturer Warranty for Device and 6 Months for In-Box Accessories
"REDMI 15A (Ace Black, 128 GB)","₹17,999",3.7,6 GB RAM | 128 GB ROM | Expandable Upto 2 TB,17.53 cm (6.9 inch) Display,32MP Rear Camera | 8MP Front Camera,6300 mAh Lithium-Ion Polymer Battery,1 Year Manufacturer Warranty for Phone and 6 Months Warranty for In the Box Accessories
"REDMI 15A (Amaze Purple, 128 GB)","₹17,999",3.7,6 GB RAM | 128 GB ROM | Expandable Upto 2 TB,17.53 cm (6.9 inch) Display,32MP Rear Camera | 8MP Front Camera,6300 mAh Lithium-Ion Polymer Battery,1 Year Manufacturer Warranty for Phone and 6 Months Warranty for In the Box Accessories
"vivo T5x 5G (Cyber Green, 256 GB)","₹26,999",4.4,8 GB RAM | 256 GB ROM,17.17 cm (6.76 inch) Display,50MP + 2MP | 32MP Front Camera,7200 mAh Li-ion Battery,1 Year Manufacturer Warranty for Device and 6 Months Manufacturer Warranty for Inbox Accessories
"HMD Vibe2 5G (Peach Pink, 128 GB)","₹14,999",4.6,4 GB RAM | 128 GB ROM,17.02 cm (6.7 inch) HD+ Display,50MP Rear Camera | 8MP Front Camera,6000 mAh Li-Poly Battery,
"realme P4 Lite 5G (Mosaic Blue, 128 GB)","₹17,499",4.3,4 GB RAM | 128 GB ROM,17.27 cm (6.8 inches) HD+ Display,13MP Rear Camera | 5MP Front Camera,7000 mAh lithium-ion polymer Battery,1 Year Manufacturer Warranty for Device and 6 Months Manufacturer Warranty for Inbox Accessories
"Ai+ Pulse 2 (Purple, 64 GB)","₹10,499",4.3,4 GB RAM | 64 GB ROM | Expandable Upto 1 TB,17.13 cm (6.745 inch) HD+ Display,50MP Rear Camera | 8MP Front Camera,6000 mAh Battery,1 Year Warranty on Handset and 6 Months Warranty on the Inbox Accessories
"REDMI 15A (Ace Black, 64 GB)","₹14,999",3.9,4 GB RAM | 64 GB ROM | Expandable Upto 2 TB,17.53 cm (6.9 inch) Display,32MP Rear Camera | 8MP Front Camera,6300 mAh Lithium-Ion Polymer Battery,1 Year Manufacturer Warranty for Phone and 6 Months Warranty for In the Box Accessories
"REDMI 15A (Awesome Blue, 128 GB)","₹15,999",3.9,4 GB RAM | 128 GB ROM | Expandable Upto 2 TB,17.53 cm (6.9 inch) Display,32MP Rear Camera | 8MP Front Camera,6300 mAh Lithium-Ion Polymer Battery,1 Year Manufacturer Warranty for Phone and 6 Months Warranty for In the Box Accessories
"Samsung Galaxy F36 5G (Black, 128 GB)","₹17,999",4.3,6 GB RAM | 128 GB ROM | Expandable Upto 2 TB,17.02 cm (6.7 inch) Full HD+ Display,50MP + 8MP + 2MP | 13MP Front Camera,5000 mAh Battery,1 Year Manufacturer Warranty for Device and 6 Months for In-Box Accessories
"Samsung M06 5G (Sage Green, 128 GB)","₹12,086",4.1,4 GB RAM | 128 GB ROM,17.02 cm (6.7 inch) Display,50MP Rear Camera,5000 mAh Battery,
"HMD Vibe2 5G (Nordic Blue, 128 GB)","₹14,999",4.6,4 GB RAM | 128 GB ROM,17.02 cm (6.7 inch) HD+ Display,50MP Rear Camera | 8MP Front Camera,6000 mAh Li-Poly Battery,
"IQOO Z11x 5G (Prismatic Green, 128 GB)","₹22,963",4.3,6 GB RAM | 128 GB ROM,17.02 cm (6.7 inch) Display,50MP Rear Camera,7200 mAh Battery,
"REDMI 15A (Awesome Blue, 64 GB)","₹14,999",3.9,4 GB RAM | 64 GB ROM | Expandable Upto 2 TB,17.53 cm (6.9 inch) Display,32MP Rear Camera | 8MP Front Camera,6300 mAh Lithium-Ion Polymer Battery,1 Year Manufacturer Warranty for Phone and 6 Months Warranty for In the Box Accessories
"HMD VIBE2 5G (Nordic Blue, 128 GB)","₹16,999",4.5,6 GB RAM | 128 GB ROM,17.02 cm (6.7 inch) HD+ Display,50MP Rear Camera | 8MP Front Camera,6000 mAh Li-Poly Battery,
"realme P4 Lite 5G (Mosaic Green, 128 GB)","₹18,999",4.3,6 GB RAM | 128 GB ROM,17.27 cm (6.8 inches) HD+ Display,13MP Rear Camera | 5MP Front Camera,7000 mAh lithium-ion polymer Battery,1 Year Manufacturer Warranty for Device and 6 Months Manufacturer Warranty for Inbox Accessories
"Samsung M06 5G (Blazing Black, 128 GB)","₹12,047",4.1,4 GB RAM | 128 GB ROM,17.02 cm (6.7 inch) Display,50MP Rear Camera,5000 mAh Battery,
"OPPO K14 5G (Icy Blue, 256 GB)","₹21,999",4.4,6 GB RAM | 256 GB ROM,17.14 cm (6.75 inch) HD+ Display,50MP Rear Camera | 8MP Front Camera,7000 mAh Battery,1 Year Manufacturer Warranty for Device and 6 Months Manufacturer Warranty for Inbox Accessories
"realme P4 Lite 5G (Mosaic Blue, 64 GB)","₹15,499",4.3,4 GB RAM | 64 GB ROM,17.27 cm (6.8 inches) HD+ Display,13MP Rear Camera | 5MP Front Camera,7000 mAh lithium-ion polymer Battery,1 Year Manufacturer Warranty for Device and 6 Months Manufacturer Warranty for Inbox Accessories
"Ai+ Pulse 2 (Blue, 128 GB)","₹11,499",3.8,6 GB RAM | 128 GB ROM | Expandable Upto 1 TB,17.13 cm (6.745 inch) HD+ Display,50MP Rear Camera | 8MP Front Camera,6000 mAh Battery,1 Year Warranty on Handset and 6 Months Warranty on the Inbox Accessories
"realme P4 Lite 5G (Mosaic Green, 64 GB)","₹15,499",4.3,4 GB RAM | 64 GB ROM,17.27 cm (6.8 inches) HD+ Display,13MP Rear Camera | 5MP Front Camera,7000 mAh lithium-ion polymer Battery,1 Year Manufacturer Warranty for Device and 6 Months Manufacturer Warranty for Inbox Accessories
"realme P4 Lite 5G (Mosaic Green, 128 GB)","₹17,499",4.3,4 GB RAM | 128 GB ROM,17.27 cm (6.8 inches) HD+ Display,13MP Rear Camera | 5MP Front Camera,7000 mAh lithium-ion polymer Battery,1 Year Manufacturer Warranty for Device and 6 Months Manufacturer Warranty for Inbox Accessories
"Ai+ Pulse 1 (Black, 128 GB)","₹9,999",4,6 GB RAM | 128 GB ROM | Expandable Upto 1 TB,17.13 cm (6.745 inch) HD+ Display,50MP Rear Camera | 5MP Front Camera,5000 mAh Battery,1 Year Warranty on Handset and 6 Months Warranty on the Inbox Accessories
"REDMI 15A (Amaze Purple, 128 GB)","₹15,999",3.9,4 GB RAM | 128 GB ROM | Expandable Upto 2 TB,17.53 cm (6.9 inch) Display,32MP Rear Camera | 8MP Front Camera,6300 mAh Lithium-Ion Polymer Battery,1 Year Manufacturer Warranty for Phone and 6 Months Warranty for In the Box Accessories
"REDMI 15A (Amaze Purple, 64 GB)","₹14,999",3.9,4 GB RAM | 64 GB ROM | Expandable Upto 2 TB,17.53 cm (6.9 inch) Display,32MP Rear Camera | 8MP Front Camera,6300 mAh Lithium-Ion Polymer Battery,1 Year Manufacturer Warranty for Phone and 6 Months Warranty for In the Box Accessories
"MOTOROLA g37 power (PANTONE Nautical Blue, 128 GB)","₹15,999",4.2,4 GB RAM | 128 GB ROM | Expandable Upto 1 TB,16.92 cm (6.66 inch) HD+ Display,50MP Rear Camera | 8MP Front Camera,7000 mAh Battery,1 Year on Handset and 6 Months on Accessories
"HMD Vibe2 5G (Cosmic Lavender, 128 GB)","₹14,999",4.6,4 GB RAM | 128 GB ROM,17.02 cm (6.7 inch) HD+ Display,50MP Rear Camera | 8MP Front Camera,6000 mAh Li-Poly Battery,
"REDMI 15A (Ace Black, 128 GB)","₹17,999",3.7,6 GB RAM | 128 GB ROM | Expandable Upto 2 TB,17.53 cm (6.9 inch) Display,32MP Rear Camera | 8MP Front Camera,6300 mAh Lithium-Ion Polymer Battery,1 Year Manufacturer Warranty for Phone and 6 Months Warranty for In the Box Accessories
"REDMI 15A (Amaze Purple, 128 GB)","₹17,999",3.7,6 GB RAM | 128 GB ROM | Expandable Upto 2 TB,17.53 cm (6.9 inch) Display,32MP Rear Camera | 8MP Front Camera,6300 mAh Lithium-Ion Polymer Battery,1 Year Manufacturer Warranty for Phone and 6 Months Warranty for In the Box Accessories
"realme P4 Lite 5G (Mosaic Blue, 128 GB)","₹18,999",4.3,6 GB RAM | 128 GB ROM,17.27 cm (6.8 inches) HD+ Display,13MP Rear Camera | 5MP Front Camera,7000 mAh lithium-ion polymer Battery,1 Year Manufacturer Warranty for Device and 6 Months Manufacturer Warranty for Inbox Accessories
"Nokia 130 Music Dual Sim with Music Player, Dedicated Music Buttons","₹1,971",3.9,4 MB RAM | 4 MB ROM,6.1 cm (2.4 inch) Display,0MP Front Camera,1450 mAh Battery,NA
itel Ace 3 Shine,₹849,4.1,4 MB RAM | 4 MB ROM | Expandable Upto 32 GB,4.57 cm (1.8 inch) QVGA Display,1000 mAh Battery,Unisoc Processor,
"Samsung Galaxy M06 5G (Sage Green, 64 GB)","₹11,251",4.1,4 GB RAM | 64 GB ROM,17.02 cm (6.7 inch) Display,50MP Rear Camera,5000 mAh Battery,
"REDMI 15A (Ace Black, 64 GB)","₹14,999",3.9,4 GB RAM | 64 GB ROM | Expandable Upto 2 TB,17.53 cm (6.9 inch) Display,32MP Rear Camera | 8MP Front Camera,6300 mAh Lithium-Ion Polymer Battery,1 Year Manufacturer Warranty for Phone and 6 Months Warranty for In the Box Accessories
"REDMI 15A (Awesome Blue, 128 GB)","₹15,999",3.9,4 GB RAM | 128 GB ROM | Expandable Upto 2 TB,17.53 cm (6.9 inch) Display,32MP Rear Camera | 8MP Front Camera,6300 mAh Lithium-Ion Polymer Battery,1 Year Manufacturer Warranty for Phone and 6 Months Warranty for In the Box Accessories
"vivo T5x 5G (Star Silver, 128 GB)","₹22,999",4.4,6 GB RAM | 128 GB ROM,17.17 cm (6.76 inch) Display,50MP + 2MP | 32MP Front Camera,7200 mAh Li-ion Battery,1 Year Manufacturer Warranty for Device and 6 Months Manufacturer Warranty for Inbox Accessories
"REDMI Note 15 SE 5G Snapdragon (Crimson Reserve, 128 GB)","₹23,999",4.4,8 GB RAM | 128 GB ROM | Expandable Upto 1 TB,17.2 cm (6.77 inch) Full HD+ AMOLED Display,50MP Rear Camera | 20MP Front Camera,5800 mAh Lithium-Ion Polymer Battery,1 Year Manufacturer Warranty for Phone and 6 Months Warranty for In the Box Accessories
"REDMI 15A (Awesome Blue, 64 GB)","₹14,999",3.9,4 GB RAM | 64 GB ROM | Expandable Upto 2 TB,17.53 cm (6.9 inch) Display,32MP Rear Camera | 8MP Front Camera,6300 mAh Lithium-Ion Polymer Battery,1 Year Manufacturer Warranty for Phone and 6 Months Warranty for In the Box Accessories
"MOTOROLA Edge 60 Fusion 5G (PANTONE Slipstream, 128 GB)","₹22,999",4.4,8 GB RAM | 128 GB ROM | Expandable Upto 1 TB,16.94 cm (6.67 inch) Display,50MP + 13MP | 32MP Front Camera,5500 mAh Battery,68W Charger
"MOTOROLA g37 (PANTONE Impenetrable, 64 GB)","₹14,999",4.3,4 GB RAM | 64 GB ROM | Expandable Upto 1 TB,16.92 cm (6.66 inch) HD+ Display,50MP Rear Camera | 8MP Front Camera,5200 mAh Battery,1 Year on Handset and 6 Months on Accessories
"Nokia 105 Classic Single Sim Keypad Phone, Without Charger","₹1,049",4,32 MB RAM | 32 MB ROM,4.5 cm (1.77 inch) Display,0MP Front Camera,800 mAh Battery,1 Month Company Domestic Warranty by Company Authorized Service Center.
"MOTOROLA Edge 60 Pro (Pantone Shadow, 256 GB)","₹25,999",4.3,8 GB RAM | 256 GB ROM,17.02 cm (6.7 inch) Display,50MP + 50MP + 10MP | 50MP Front Camera,6000 mAh Battery,1 Year Warranty on Handset and 6 Months Warranty on Accessories
HOTLINE H312,₹549,3.5,32 MB RAM | 32 MB ROM,4.57 cm (1.8 inch) Display,0.3MP Rear Camera,1000 mAh Battery,
Vivo T4 Lite 5G (Titanium Gold 2026) (4GB 64GB),"₹14,999",4.3,4 GB RAM | 64 GB ROM | Expandable Upto 2 TB,17.12 cm (6.74 inch) HD+ Display,50MP + 2MP | 5MP Front Camera,6000 mAh Battery,1 Year Manufacturer Warranty for Device and 6 Months Manufacturer Warranty for Inbox Accessories
itel it5330 | 2.8 inch Big Display | 1900 mAh Battery | Kingvoice,"₹1,490",4.1,32 MB RAM | 32 MB ROM | Expandable Upto 32 GB,7.11 cm (2.8 inch) Quarter QVGA Display,0.8MP + 0MP | 0MP Front Camera,1900 mAh Battery,12+1 month manufacturer warranty
"Samsung Galaxy M06 5G (Blazing Black, 64 GB)","₹11,299",4.1,4 GB RAM | 64 GB ROM,17.02 cm (6.7 inch) Display,50MP Rear Camera,5000 mAh Battery,
"MOTOROLA Edge 60 Pro (Pantone Walnut, 256 GB)","₹25,999",4.3,8 GB RAM | 256 GB ROM,17.02 cm (6.7 inch) Display,50MP + 50MP + 10MP | 50MP Front Camera,6000 mAh Battery,1 Year Warranty on Handset and 6 Months Warranty on Accessories
"REDMI 15A (Amaze Purple, 128 GB)","₹15,999",3.9,4 GB RAM | 128 GB ROM | Expandable Upto 2 TB,17.53 cm (6.9 inch) Display,32MP Rear Camera | 8MP Front Camera,6300 mAh Lithium-Ion Polymer Battery,1 Year Manufacturer Warranty for Phone and 6 Months Warranty for In the Box Accessories
"REDMI 15A (Amaze Purple, 64 GB)","₹14,999",3.9,4 GB RAM | 64 GB ROM | Expandable Upto 2 TB,17.53 cm (6.9 inch) Display,32MP Rear Camera | 8MP Front Camera,6300 mAh Lithium-Ion Polymer Battery,1 Year Manufacturer Warranty for Phone and 6 Months Warranty for In the Box Accessories
"realme P4R 5G (Titanium Glare, 128 GB)","₹18,999",4.4,4 GB RAM | 128 GB ROM,17.27 cm (6.8 inch) HD+ Display,50MP Rear Camera | 8MP Front Camera,8000 mAh Lithium-ion polymer Battery,1 Year Manufacturer Warranty for Device and 6 Months Manufacturer Warranty for Inbox Accessories
"Ai+ Pulse 2 (Green, 64 GB)","₹10,499",4.3,4 GB RAM | 64 GB ROM | Expandable Upto 1 TB,17.13 cm (6.745 inch) HD+ Display,50MP Rear Camera | 8MP Front Camera,6000 mAh Battery,1 Year Warranty on Handset and 6 Months Warranty on the Inbox Accessories
"Ai+ Pulse 2 (Blue, 64 GB)","₹10,499",4.3,4 GB RAM | 64 GB ROM | Expandable Upto 1 TB,17.13 cm (6.745 inch) HD+ Display,50MP Rear Camera | 8MP Front Camera,6000 mAh Battery,1 Year Warranty on Handset and 6 Months Warranty on the Inbox Accessories
"HMD 105 Dual Sim Keypad Phone with Built-in UPI App, Wireless FM Radio","₹1,065",3.9,4 MB RAM | 4 MB ROM | Expandable Upto 32 GB,5.08 cm (2 inch) Display,1000 mAh Battery,SC6531E Processor,
"REDMI 15A (Ace Black, 128 GB)","₹17,999",3.7,6 GB RAM | 128 GB ROM | Expandable Upto 2 TB,17.53 cm (6.9 inch) Display,32MP Rear Camera | 8MP Front Camera,6300 mAh Lithium-Ion Polymer Battery,1 Year Manufacturer Warranty for Phone and 6 Months Warranty for In the Box Accessories
"REDMI 15A (Amaze Purple, 128 GB)","₹17,999",3.7,6 GB RAM | 128 GB ROM | Expandable Upto 2 TB,17.53 cm (6.9 inch) Display,32MP Rear Camera | 8MP Front Camera,6300 mAh Lithium-Ion Polymer Battery,1 Year Manufacturer Warranty for Phone and 6 Months Warranty for In the Box Accessories
Nokia All-New 105 Single Sim Keypad Phone with Built-in UPI Payments,"₹1,332",3.8,32 MB RAM | 32 MB ROM,4.5 cm (1.77 inch) Display,0MP | 0MP Front Camera,1000 mAh Battery,1YR BRAND WARRANTY ON HANDSET & 6 MONTHS WARRANTY ON ACCESSORIES
"REDMI A7 Pro 5G (Mist Blue, 64 GB)","₹12,640",4.1,4 GB RAM | 64 GB ROM | Expandable Upto 64 GB,17.53 cm (6.9 inch) Full HD+ Display,32MP Rear Camera,6300 mAh Battery,1 year manufacturer warranty for device and 6 months manufacturer warranty for in-box accessories including batteries from the date of purchase
"REDMI 15A (Ace Black, 64 GB)","₹14,999",3.9,4 GB RAM | 64 GB ROM | Expandable Upto 2 TB,17.53 cm (6.9 inch) Display,32MP Rear Camera | 8MP Front Camera,6300 mAh Lithium-Ion Polymer Battery,1 Year Manufacturer Warranty for Phone and 6 Months Warranty for In the Box Accessories
"REDMI 15A (Awesome Blue, 128 GB)","₹15,999",3.9,4 GB RAM | 128 GB ROM | Expandable Upto 2 TB,17.53 cm (6.9 inch) Display,32MP Rear Camera | 8MP Front Camera,6300 mAh Lithium-Ion Polymer Battery,1 Year Manufacturer Warranty for Phone and 6 Months Warranty for In the Box Accessories
"REDMI Note 15 SE 5G (Frosted White, 256 GB)","₹25,999",4.4,8 GB RAM | 256 GB ROM | Expandable Upto 1 TB,17.2 cm (6.77 inch) Full HD+ AMOLED Display,50MP Rear Camera | 20MP Front Camera,5800 mAh Lithium-Ion Polymer Battery,1 Year Manufacturer Warranty for Phone and 6 Months Warranty for In the Box Accessories
"Samsung Galaxy M17 5G (Sapphire Black, 128 GB)","₹13,995",4.2,4 GB RAM | 128 GB ROM,17.02 cm (6.7 inch) Display,50MP Rear Camera,5000 mAh Battery,
Micromax X778,"₹1,370",3.9,32 MB RAM | 32 MB ROM,6.1 cm (2.4 inch) Display,0.3MP Rear Camera,2700 mAh Battery,
"OPPO K14 5G (Prism White, 256 GB)","₹21,999",4.4,6 GB RAM | 256 GB ROM,17.14 cm (6.75 inch) HD+ Display,50MP Rear Camera | 8MP Front Camera,7000 mAh Battery,1 Year Manufacturer Warranty for Device and 6 Months Manufacturer Warranty for Inbox Accessories
"REDMI 15A (Awesome Blue, 64 GB)","₹14,999",3.9,4 GB RAM | 64 GB ROM | Expandable Upto 2 TB,17.53 cm (6.9 inch) Display,32MP Rear Camera | 8MP Front Camera,6300 mAh Lithium-Ion Polymer Battery,1 Year Manufacturer Warranty for Phone and 6 Months Warranty for In the Box Accessories
Nokia All-New 105 Single Sim Keypad Phone with Built-in UPI Payments,"₹1,332",3.8,32 MB RAM | 32 MB ROM,4.5 cm (1.77 inch) Display,0MP | 0MP Front Camera,1000 mAh Battery,1YR BRAND WARRANTY ON HANDSET & 6 MONTHS WARRANTY ON ACCESSORIES
"MOTOROLA g37 (PANTONE Nautical Blue, 64 GB)","₹14,999",4.3,4 GB RAM | 64 GB ROM | Expandable Upto 1 TB,16.92 cm (6.66 inch) HD+ Display,50MP Rear Camera | 8MP Front Camera,5200 mAh Battery,1 Year on Handset and 6 Months on Accessories
Kechaoda A27,₹969,4,32 MB RAM | 32 MB ROM | Expandable Upto 16 GB,1.68 cm (0.66 inch) QVGA Display,0MP | 0MP Front Camera,800 mAh Battery,3 Months Company Warranty
"Samsung Galaxy M07 (Black, 64 GB)","₹9,655",4.3,4 GB RAM | 64 GB ROM | Expandable Upto 2 TB,17.02 cm (6.7 inch) HD+ Display,50MP + 2MP | 8MP Front Camera,5000 mAh Battery,1 year manufacturer warranty for device and 6 months manufacturer warranty for in-box accessories including batteries from the date of purchase
"OPPO K14 5G (Prism Violet, 256 GB)","₹23,999",4.3,8 GB RAM | 256 GB ROM,17.14 cm (6.75 inch) HD+ Display,50MP Rear Camera | 8MP Front Camera,7000 mAh Battery,1 Year Manufacturer Warranty for Device and 6 Months Manufacturer Warranty for Inbox Accessories
"POCO M8 (Frost Silver, 128 GB)","₹18,000",4.3,6 GB RAM | 128 GB ROM | Expandable Upto 1 TB,17.2 cm (6.77 inch) Full HD+ Display,50MP Rear Camera | 20MP Front Camera,5520 mAh Battery,
Kechaoda K115,"₹1,029",4.1,32 MB RAM | 32 MB ROM | Expandable Upto 32 GB,3.66 cm (1.44 inch) QVGA Display,0.3MP + 0MP | 0MP Front Camera,850 mAh Battery,3 Months Company Warranty
"OPPO K14 5G (Prism Violet, 256 GB)","₹21,999",4.4,6 GB RAM | 256 GB ROM,17.14 cm (6.75 inch) HD+ Display,50MP Rear Camera | 8MP Front Camera,7000 mAh Battery,1 Year Manufacturer Warranty for Device and 6 Months Manufacturer Warranty for Inbox Accessories
"REDMI A7 Pro 5G (Black, 128 GB)","₹13,849",4.1,4 GB RAM | 128 GB ROM | Expandable Upto 128 GB,17.53 cm (6.9 inch) Full HD+ Display,32MP Rear Camera,6300 mAh Battery,1 year manufacturer warranty for device and 6 months manufacturer warranty for in-box accessories including batteries from the date of purchase
"Infinix SMART 20 (Sunlike Orange, 64 GB)","₹12,499",4,4 GB RAM | 64 GB ROM,17.22 cm (6.78 inch) HD+ Display,8MP Rear Camera | 8MP Front Camera,5200 mAh Battery,"1 year for Handset
6 months for Accessories"
"REDMI A7 Pro (Black, 64 GB)","₹12,499",3.8,4 GB RAM | 64 GB ROM | Expandable Upto 2 TB,17.53 cm (6.9 inch) HD+ Display,13MP Rear Camera | 8MP Front Camera,6300 mAh Lithium-Ion Battery,1 Year Manufacturer Warranty for Phone and 6 Months Warranty for In the Box Accessories
"POCO C85x (Emerald Green, 64 GB)","₹12,999",4.1,4 GB RAM | 64 GB ROM | Expandable Upto 2 TB,17.53 cm (6.9 inch) HD+ Display,32MP Rear Camera,6300 mAh Lithium-Ion Polymer Battery,1 Year Manufacturer Warranty for Phone and 6 Months Warranty for In the Box Accessories
"POCO M7 Plus 5G (Aqua Blue, 128 GB)","₹17,999",4.2,8 GB RAM | 128 GB ROM | Expandable Upto 2 TB,17.53 cm (6.9 inch) Full HD+ Display,50MP AI Dual Camera | 8MP Front Camera,7000 mAh Battery,1 Year Manufacturer Warranty for Phone and 6 Months Warranty for In the Box Accessories
"POCO X8 Pro (Black, 256 GB)","₹37,999",4.4,12 GB RAM | 256 GB ROM,16.74 cm (6.59 inch) Full HD+ AMOLED Display,50MP + 8MP | 20MP Front Camera,6500 mAh Lithium-Ion Polymer With Silicon Carbon Technology Battery,1 Year Manufacturer Warranty for Phone and 6 Months Warranty for In the Box Accessories
"REDMI 15A (Amaze Purple, 128 GB)","₹15,999",3.9,4 GB RAM | 128 GB ROM | Expandable Upto 2 TB,17.53 cm (6.9 inch) Display,32MP Rear Camera | 8MP Front Camera,6300 mAh Lithium-Ion Polymer Battery,1 Year Manufacturer Warranty for Phone and 6 Months Warranty for In the Box Accessories
"Samsung Galaxy F70e 5G (Limelight Green, 128 GB)","₹14,999",4.3,6 GB RAM | 128 GB ROM | Expandable Upto 2 TB,17.12 cm (6.74 inch) HD+ Display,50MP + 2MP | 8MP Front Camera,6000 mAh Li-ion Battery,1 Year Manufacturer Warranty for Device and 6 Months for In-Box Accessories
"vivo T5x 5G (Star Silver, 128 GB)","₹24,999",4.4,8 GB RAM | 128 GB ROM,17.17 cm (6.76 inch) Display,50MP + 2MP | 32MP Front Camera,7200 mAh Li-ion Battery,1 Year Manufacturer Warranty for Device and 6 Months Manufacturer Warranty for Inbox Accessories
"Ai+ Nova 2 5G (Green, 64 GB)","₹11,999",4.4,4 GB RAM | 64 GB ROM | Expandable Upto 1 TB,17.13 cm (6.745 inch) HD+ Display,50MP Rear Camera | 8MP Front Camera,6000 mAh Battery,1 Year Warranty on Handset and 6 Months Warranty on the Inbox Accessories
"Samsung Galaxy A07 LTE (Light Violet, 64 GB)","₹10,083",4.2,4 GB RAM | 64 GB ROM | Expandable Upto 2 TB,17.02 cm (6.7 inch) HD+ Display,50MP + 2MP,5000 mAh Battery,1 Year Manufacturer Warranty for Device and 6 Months for In-Box Accessories
"POCO X8 Pro (Iron man edition, 256 GB)","₹39,999",4.4,12 GB RAM | 256 GB ROM,16.74 cm (6.59 inch) Full HD+ AMOLED Display,50MP + 8MP | 20MP Front Camera,6500 mAh Lithium-Ion Polymer With Silicon Carbon Technology Battery,1 Year Manufacturer Warranty for Phone and 6 Months Warranty for In the Box Accessories
"REDMI A7 (Black, 64 GB)","₹11,499",4,3 GB RAM | 64 GB ROM | Expandable Upto 2 TB,17.48 cm (6.88 $inch) HD+ Display,13MP Rear Camera | 8MP Front Camera,5200 mAh Lithium-Ion Battery,1 Year Manufacturer Warranty for Phone and 6 Months Warranty for In the Box Accessories
"OnePlus Nord CE6 Lite (Hyper Black, 128 GB)","₹24,350",4.3,6 GB RAM | 128 GB ROM | Expandable Upto 128 GB,17.07 cm (6.72 inch) Full HD+ Display,50MP Rear Camera | 8MP Front Camera,7000 mAh Battery,one year of handset six month of accessories
"OPPO K14x 5G (Icy Blue, 64 GB)","₹15,999",4.3,4 GB RAM | 64 GB ROM,17.14 cm (6.75 inch) HD+ Display,50MP + 2MP | 5MP; f/2.2; FOV 77°; 3P lens,6500 mAh Battery,1 Year Manufacturer Warranty for Device and 6 Months Manufacturer Warranty for Inbox Accessories
"POCO X8 Pro (Black, 256 GB)","₹34,999",4.3,8 GB RAM | 256 GB ROM,16.74 cm (6.59 inch) Full HD+ AMOLED Display,50MP + 8MP | 20MP Front Camera,6500 mAh Lithium-Ion Polymer With Silicon Carbon Technology Battery,1 Year Manufacturer Warranty for Phone and 6 Months Warranty for In the Box Accessories
"POCO X8 Pro (White, 256 GB)","₹37,999",4.4,12 GB RAM | 256 GB ROM,16.74 cm (6.59 inch) Full HD+ AMOLED Display,50MP + 8MP | 20MP Front Camera,6500 mAh Lithium-Ion Polymer With Silicon Carbon Technology Battery,1 Year Manufacturer Warranty for Phone and 6 Months Warranty for In the Box Accessories
"POCO C85 5G (Mystic Purple, 128 GB)","₹15,999",4.3,6 GB RAM | 128 GB ROM | Expandable Upto 1 TB,17.53 cm (6.9 inch) HD+ Display,50MP Rear Camera | 8MP Front Camera,6000 mAh Lithium-Ion Polymer Battery,1 Year Manufacturer Warranty for Phone and 6 Months Warranty for In the Box Accessories
KARBONN K9,"₹1,490",4.2,32 MB RAM | 32 MB ROM | Expandable Upto 32 GB,6.1 cm (2.4 inch) FWVGA Display,2MP + 0MP | 0MP Front Camera,1800 mAh Battery,1 Year Manufacture Warranty
"REDMI 15C 5G (Dusk Purple, 128 GB)","₹18,399",4.2,6 GB RAM | 128 GB ROM,17.53 cm (6.9 inch) Display,50MP Rear Camera,6000 mAh Battery,
"POCO M8 (Carbon Black, 128 GB)","₹18,000",4.3,6 GB RAM | 128 GB ROM | Expandable Upto 1 TB,17.2 cm (6.77 inch) Full HD+ Display,50MP Rear Camera | 20MP Front Camera,5520 mAh Battery,
"Infinix SMART 20 (Sunlike Orange, 64 GB)","₹12,499",4,4 GB RAM | 64 GB ROM,17.22 cm (6.78 inch) HD+ Display,8MP Rear Camera | 8MP Front Camera,5200 mAh Battery,"1 year for Handset
6 months for Accessories"
"REDMI A7 Pro (Black, 64 GB)","₹12,499",3.8,4 GB RAM | 64 GB ROM | Expandable Upto 2 TB,17.53 cm (6.9 inch) HD+ Display,13MP Rear Camera | 8MP Front Camera,6300 mAh Lithium-Ion Battery,1 Year Manufacturer Warranty for Phone and 6 Months Warranty for In the Box Accessories
"MOTOROLA g57 power 5G Snapdragon (Pantone Regatta, 128 GB)","₹20,999",4.4,8 GB RAM | 128 GB ROM,17.07 cm (6.72 inch) Full HD+ Display,50MP + 8MP | 8MP Front Camera,7000 mAh Battery,1 Year Warranty on Handset and 6 Months Warranty on Accessories
"Ai+ Pulse 2 (Purple, 128 GB)","₹11,499",3.8,6 GB RAM | 128 GB ROM | Expandable Upto 1 TB,17.13 cm (6.745 inch) HD+ Display,50MP Rear Camera | 8MP Front Camera,6000 mAh Battery,1 Year Warranty on Handset and 6 Months Warranty on the Inbox Accessories
"POCO X8 Pro (Black, 256 GB)","₹37,999",4.4,12 GB RAM | 256 GB ROM,16.74 cm (6.59 inch) Full HD+ AMOLED Display,50MP + 8MP | 20MP Front Camera,6500 mAh Lithium-Ion Polymer With Silicon Carbon Technology Battery,1 Year Manufacturer Warranty for Phone and 6 Months Warranty for In the Box Accessories
"REDMI 15A (Amaze Purple, 128 GB)","₹15,999",3.9,4 GB RAM | 128 GB ROM | Expandable Upto 2 TB,17.53 cm (6.9 inch) Display,32MP Rear Camera | 8MP Front Camera,6300 mAh Lithium-Ion Polymer Battery,1 Year Manufacturer Warranty for Phone and 6 Months Warranty for In the Box Accessories
"realme GT 7T (IceSense Black, 256 GB)","₹30,999",4.3,8 GB RAM | 256 GB ROM,17.27 cm (6.8 inch) Full HD+ AMOLED Display,50MP + 8MP | 32MP Front Camera,7000 mAh Li-ion Battery,standard 1-year warranty for the device  and a 6-month warranty for accessories
"realme Narzo 80 Lite 4G (Obsidian Black, 64 GB)","₹12,898",4.3,4 GB RAM | 64 GB ROM,17.12 cm (6.74 inch) HD+ Display,32MP Rear Camera,6300 mAh Battery,
"OPPO K14 5G (Prism Violet, 128 GB)","₹19,999",4.4,6 GB RAM | 128 GB ROM,17.14 cm (6.75 inch) HD+ Display,50MP Rear Camera | 8MP Front Camera,7000 mAh Battery,1 Year Manufacturer Warranty for Device and 6 Months Manufacturer Warranty for Inbox Accessories
"LAVA Bold N1 5G (Champagne Gold, 64 GB)","₹11,999",4.2,4 GB RAM | 64 GB ROM,17.14 cm (6.75 inch) HD+ Display,13MP Rear Camera | 5MP Front Camera,5000 mAh Li-ion Battery,1 Year Manufacturer Warranty for Device and 6 Months for In-Box Accessories
"REDMI A7 (Black, 64 GB)","₹11,499",4,3 GB RAM | 64 GB ROM | Expandable Upto 2 TB,17.48 cm (6.88 $inch) HD+ Display,13MP Rear Camera | 8MP Front Camera,5200 mAh Lithium-Ion Battery,1 Year Manufacturer Warranty for Phone and 6 Months Warranty for In the Box Accessories
"POCO X8 Pro (Iron man edition, 256 GB)","₹39,999",4.4,12 GB RAM | 256 GB ROM,16.74 cm (6.59 inch) Full HD+ AMOLED Display,50MP + 8MP | 20MP Front Camera,6500 mAh Lithium-Ion Polymer With Silicon Carbon Technology Battery,1 Year Manufacturer Warranty for Phone and 6 Months Warranty for In the Box Accessories
"Samsung Galaxy F70e 5G (Spotlight Blue, 128 GB)","₹15,499",4.2,4 GB RAM | 128 GB ROM | Expandable Upto 2 TB,17.12 cm (6.74 inch) HD+ Display,50MP + 2MP | 8MP Front Camera,6000 mAh Li-ion Battery,1 Year Manufacturer Warranty for Device and 6 Months for In-Box Accessories
HOTLINE TIGER,₹699,3.7,32 MB RAM | 32 MB ROM,4.5 cm (1.77 inch) Display,1.3MP Rear Camera,2500 mAh Battery,
"POCO X8 Pro (Black, 256 GB)","₹34,999",4.3,8 GB RAM | 256 GB ROM,16.74 cm (6.59 inch) Full HD+ AMOLED Display,50MP + 8MP | 20MP Front Camera,6500 mAh Lithium-Ion Polymer With Silicon Carbon Technology Battery,1 Year Manufacturer Warranty for Phone and 6 Months Warranty for In the Box Accessories
"POCO X8 Pro (White, 256 GB)","₹37,999",4.4,12 GB RAM | 256 GB ROM,16.74 cm (6.59 inch) Full HD+ AMOLED Display,50MP + 8MP | 20MP Front Camera,6500 mAh Lithium-Ion Polymer With Silicon Carbon Technology Battery,1 Year Manufacturer Warranty for Phone and 6 Months Warranty for In the Box Accessories
"IQOO Z10 Lite 5G (Titanium Blue, 128 GB)","₹16,266",4.2,4 GB RAM | 128 GB ROM,17.12 cm (6.74 inch) Display,50MP Rear Camera,6000 mAh Battery,
"REDMI A7 Pro 5G (Sunset Orange, 128 GB)","₹13,733",4.1,4 GB RAM | 128 GB ROM | Expandable Upto 128 GB,17.53 cm (6.9 inch) Full HD+ Display,32MP Rear Camera,6300 mAh Battery,1 year manufacturer warranty for device and 6 months manufacturer warranty for in-box accessories including batteries from the date of purchase
HOTLINE 106,₹558,3.4,32 MB RAM | 32 MB ROM,4.5 cm (1.77 inch) Display,1.3MP Rear Camera,1000 mAh Battery,
"OPPO K14 5G (Prism White, 128 GB)","₹19,999",4.4,6 GB RAM | 128 GB ROM,17.14 cm (6.75 inch) HD+ Display,50MP Rear Camera | 8MP Front Camera,7000 mAh Battery,1 Year Manufacturer Warranty for Device and 6 Months Manufacturer Warranty for Inbox Accessories
"REDMI A7 (Blue, 64 GB)","₹11,499",4,3 GB RAM | 64 GB ROM | Expandable Upto 2 TB,17.48 cm (6.88 $inch) HD+ Display,13MP Rear Camera | 8MP Front Camera,5200 mAh Lithium-Ion Battery,1 Year Manufacturer Warranty for Phone and 6 Months Warranty for In the Box Accessories
"POCO X8 Pro (Green, 256 GB)","₹34,999",4.3,8 GB RAM | 256 GB ROM,16.74 cm (6.59 inch) Full HD+ AMOLED Display,50MP + 8MP | 20MP Front Camera,6500 mAh Lithium-Ion Polymer With Silicon Carbon Technology Battery,1 Year Manufacturer Warranty for Phone and 6 Months Warranty for In the Box Accessories
"vivo T4R 5G (Arctic White, 256 GB)","₹24,999",4.4,8 GB RAM | 256 GB ROM,17.2 cm (6.77 inch) Full HD+ Display,50MP (OIS) + 2MP | 32MP Front Camera,5700 mAh Battery,1 Year Manufacturer Warranty for Device and 6 Months Manufacturer Warranty for Inbox Accessories
"Samsung Galaxy M17e (Blitz Blue, 128 GB)","₹12,810",3.9,4 GB RAM | 128 GB ROM | Expandable Upto 128 GB,17.02 cm (6.7 inch) Full HD+ Display,50MP Rear Camera | 2MP Front Camera,6000 mAh Battery,1-year manufacturer warranty for the device and 6 months for in-box accessories.
"Infinix SMART 20 (Sunlike Orange, 64 GB)","₹12,499",4,4 GB RAM | 64 GB ROM,17.22 cm (6.78 inch) HD+ Display,8MP Rear Camera | 8MP Front Camera,5200 mAh Battery,"1 year for Handset
6 months for Accessories"
"REDMI A7 Pro (Black, 64 GB)","₹12,499",3.8,4 GB RAM | 64 GB ROM | Expandable Upto 2 TB,17.53 cm (6.9 inch) HD+ Display,13MP Rear Camera | 8MP Front Camera,6300 mAh Lithium-Ion Battery,1 Year Manufacturer Warranty for Phone and 6 Months Warranty for In the Box Accessories
"Samsung Galaxy M17e (Blitz Blue, 128 GB)","₹15,021",4.1,6 GB RAM | 128 GB ROM | Expandable Upto 128 GB,17.02 cm (6.7 inch) Full HD+ Display,50MP Rear Camera | 2MP Front Camera,6000 mAh Battery,1-year manufacturer warranty for the device and 6 months for in-box accessories.
Kechaoda A26_Pink,₹979,4,32 MB RAM | 16 GB ROM | Expandable Upto 32 MB,1.68 cm (0.66 inch) NA Display,0MP | 0MP Front Camera,800 mAh Battery,3 Months Company Warranty
Kechaoda K115,"₹1,049",4.1,32 MB RAM | 32 MB ROM | Expandable Upto 16 GB,3.66 cm (1.44 inch) QVGA Display,0.3MP + 0MP | 0MP Front Camera,850 mAh Battery,3 Months Company Warranty
"LAVA Bold N1 5G (Champagne Gold, 64 GB)","₹11,999",4.2,4 GB RAM | 64 GB ROM,17.14 cm (6.75 inch) HD+ Display,13MP Rear Camera | 5MP Front Camera,5000 mAh Li-ion Battery,1 Year Manufacturer Warranty for Device and 6 Months for In-Box Accessories
"POCO X8 Pro (Black, 256 GB)","₹37,999",4.4,12 GB RAM | 256 GB ROM,16.74 cm (6.59 inch) Full HD+ AMOLED Display,50MP + 8MP | 20MP Front Camera,6500 mAh Lithium-Ion Polymer With Silicon Carbon Technology Battery,1 Year Manufacturer Warranty for Phone and 6 Months Warranty for In the Box Accessories
"REDMI 15A (Amaze Purple, 128 GB)","₹15,999",3.9,4 GB RAM | 128 GB ROM | Expandable Upto 2 TB,17.53 cm (6.9 inch) Display,32MP Rear Camera | 8MP Front Camera,6300 mAh Lithium-Ion Polymer Battery,1 Year Manufacturer Warranty for Phone and 6 Months Warranty for In the Box Accessories
"Ai+ Pulse 1 (Black, 128 GB)","₹9,999",4,6 GB RAM | 128 GB ROM | Expandable Upto 1 TB,17.13 cm (6.745 inch) HD+ Display,50MP Rear Camera | 5MP Front Camera,5000 mAh Battery,1 Year Warranty on Handset and 6 Months Warranty on the Inbox Accessories
"MOTOROLA Edge 70 Fusion (Pantone SILHOUETTE, 128 GB)","₹29,999",4.4,8 GB RAM | 128 GB ROM,17.27 cm (6.8 inch) Super HD Display,50MP + 13MP | 32MP Front Camera,7000 mAh Battery,1 Year on Handset and 6 Months on Accessories
"REDMI A7 (Black, 64 GB)","₹11,499",4,3 GB RAM | 64 GB ROM | Expandable Upto 2 TB,17.48 cm (6.88 $inch) HD+ Display,13MP Rear Camera | 8MP Front Camera,5200 mAh Lithium-Ion Battery,1 Year Manufacturer Warranty for Phone and 6 Months Warranty for In the Box Accessories
"POCO X8 Pro (Iron man edition, 256 GB)","₹39,999",4.4,12 GB RAM | 256 GB ROM,16.74 cm (6.59 inch) Full HD+ AMOLED Display,50MP + 8MP | 20MP Front Camera,6500 mAh Lithium-Ion Polymer With Silicon Carbon Technology Battery,1 Year Manufacturer Warranty for Phone and 6 Months Warranty for In the Box Accessories
"realme P4x 5G (Lake Green, 128 GB)","₹22,999",4.3,6 GB RAM | 128 GB ROM,17.07 cm (6.72 inch) Full HD+ Display,50MP + 2MP | 8MP Front Camera,7000 mAh Battery,1 Year Manufacturer Warranty for Phone and 6 Months Warranty for In-Box Accessories
"OnePlus Nord CE6 Lite (Hyper Black, 128 GB)","₹26,231",4.3,8 GB RAM | 128 GB ROM | Expandable Upto 128 GB,17.07 cm (6.72 inch) Full HD+ Display,50MP Rear Camera | 8MP Front Camera,7000 mAh Battery,one year of handset six month of accessories
"MOTOROLA g37 (PANTONE Impenetrable, 64 GB)","₹14,999",4.3,4 GB RAM | 64 GB ROM | Expandable Upto 1 TB,16.92 cm (6.66 inch) HD+ Display,50MP Rear Camera | 8MP Front Camera,5200 mAh Battery,1 Year on Handset and 6 Months on Accessories
"vivo T4R 5G (Arctic White, 128 GB)","₹22,999",4.4,8 GB RAM | 128 GB ROM,17.2 cm (6.77 inch) Full HD+ Display,50MP (OIS) + 2MP | 32MP Front Camera,5700 mAh Battery,1 Year Manufacturer Warranty for Device and 6 Months Manufacturer Warranty for Inbox Accessories
"POCO X8 Pro (Black, 256 GB)","₹34,999",4.3,8 GB RAM | 256 GB ROM,16.74 cm (6.59 inch) Full HD+ AMOLED Display,50MP + 8MP | 20MP Front Camera,6500 mAh Lithium-Ion Polymer With Silicon Carbon Technology Battery,1 Year Manufacturer Warranty for Phone and 6 Months Warranty for In the Box Accessories
"POCO X8 Pro (White, 256 GB)","₹37,999",4.4,12 GB RAM | 256 GB ROM,16.74 cm (6.59 inch) Full HD+ AMOLED Display,50MP + 8MP | 20MP Front Camera,6500 mAh Lithium-Ion Polymer With Silicon Carbon Technology Battery,1 Year Manufacturer Warranty for Phone and 6 Months Warranty for In the Box Accessories
HOTLINE H310,₹562,3.5,32 MB RAM | 32 MB ROM,4.57 cm (1.8 inch) Display,0.3MP Rear Camera,1000 mAh Battery,
"realme P4x 5G (Elegant Pink, 128 GB)","₹24,999",4.3,8 GB RAM | 128 GB ROM,17.07 cm (6.72 inch) Full HD+ Display,50MP + 2MP | 8MP Front Camera,7000 mAh Battery,1 Year Manufacturer Warranty for Phone and 6 Months Warranty for In-Box Accessories
"REDMI A7 (Blue, 64 GB)","₹11,499",4,3 GB RAM | 64 GB ROM | Expandable Upto 2 TB,17.48 cm (6.88 $inch) HD+ Display,13MP Rear Camera | 8MP Front Camera,5200 mAh Lithium-Ion Battery,1 Year Manufacturer Warranty for Phone and 6 Months Warranty for In the Box Accessories
"POCO X8 Pro (Green, 256 GB)","₹34,999",4.3,8 GB RAM | 256 GB ROM,16.74 cm (6.59 inch) Full HD+ AMOLED Display,50MP + 8MP | 20MP Front Camera,6500 mAh Lithium-Ion Polymer With Silicon Carbon Technology Battery,1 Year Manufacturer Warranty for Phone and 6 Months Warranty for In the Box Accessories
"realme P4x 5G (Matte Silver, 128 GB)","₹24,999",4.3,8 GB RAM | 128 GB ROM,17.07 cm (6.72 inch) Full HD+ Display,50MP + 2MP | 8MP Front Camera,7000 mAh Battery,1 Year Manufacturer Warranty for Phone and 6 Months Warranty for In-Box Accessories
itel it5330 | 2.8 inch Big Display | 1900 mAh Battery | Kingvoice,"₹1,499",4.1,32 MB RAM | 32 MB ROM | Expandable Upto 32 GB,7.11 cm (2.8 inch) Quarter QVGA Display,0.8MP + 0MP | 0MP Front Camera,1900 mAh Battery,12+1 month manufacturer warranty
"POCO M7 Plus 5G (Carbon Black, 128 GB)","₹17,999",4.2,8 GB RAM | 128 GB ROM | Expandable Upto 2 TB,17.53 cm (6.9 inch) Full HD+ Display,50MP AI Dual Camera | 8MP Front Camera,7000 mAh Battery,1 Year Manufacturer Warranty for Phone and 6 Months Warranty for In the Box Accessories
"Infinix GT 30 5G+ Blade White 256 (Blade White, 256 GB)","₹20,999",4.4,8 GB RAM | 256 GB ROM,17.22 cm (6.78 inch) Display,64MP + 8MP | 13MP Front Camera,5500 mAh Battery,1 Year Manufacturer Warranty for Device and 6 Months Manufacturer Warranty for Inbox Accessories
"Infinix SMART 20 (Sunlike Orange, 64 GB)","₹12,499",4,4 GB RAM | 64 GB ROM,17.22 cm (6.78 inch) HD+ Display,8MP Rear Camera | 8MP Front Camera,5200 mAh Battery,"1 year for Handset
6 months for Accessories"
"REDMI A7 Pro (Black, 64 GB)","₹12,499",3.8,4 GB RAM | 64 GB ROM | Expandable Upto 2 TB,17.53 cm (6.9 inch) HD+ Display,13MP Rear Camera | 8MP Front Camera,6300 mAh Lithium-Ion Battery,1 Year Manufacturer Warranty for Phone and 6 Months Warranty for In the Box Accessories
Kechaoda K115,"₹1,099",4.1,32 MB RAM | 32 MB ROM | Expandable Upto 32 GB,3.66 cm (1.44 inch) QVGA Display,0.3MP + 0MP | 0MP Front Camera,850 mAh Battery,3 Months Company Warranty
"Nokia 106 Single Sim Keypad Phone with Built-in UPI App, MP3 Player","₹1,318",3.9,32 MB RAM | 32 MB ROM,17.02 cm (6.7 inch) Display,1000 mAh Battery,SC6531E Processor,
"POCO X8 Pro (Iron man edition, 256 GB)","₹39,999",4.4,12 GB RAM | 256 GB ROM,16.74 cm (6.59 inch) Full HD+ AMOLED Display,50MP + 8MP | 20MP Front Camera,6500 mAh Lithium-Ion Polymer With Silicon Carbon Technology Battery,1 Year Manufacturer Warranty for Phone and 6 Months Warranty for In the Box Accessories
"REDMI 15A (Amaze Purple, 128 GB)","₹15,999",3.9,4 GB RAM | 128 GB ROM | Expandable Upto 2 TB,17.53 cm (6.9 inch) Display,32MP Rear Camera | 8MP Front Camera,6300 mAh Lithium-Ion Polymer Battery,1 Year Manufacturer Warranty for Phone and 6 Months Warranty for In the Box Accessories
"LAVA Bold N1 5G (Royal Blue, 64 GB)","₹11,999",4.2,4 GB RAM | 64 GB ROM,17.14 cm (6.75 inch) HD+ Display,13MP Rear Camera | 5MP Front Camera,5000 mAh Li-ion Battery,1 Year Manufacturer Warranty for Device and 6 Months for In-Box Accessories
"REDMI A7 Pro 5G (Mist Blue, 64 GB)","₹12,640",4.1,4 GB RAM | 64 GB ROM | Expandable Upto 64 GB,17.53 cm (6.9 inch) Full HD+ Display,32MP Rear Camera,6300 mAh Battery,1 year manufacturer warranty for device and 6 months manufacturer warranty for in-box accessories including batteries from the date of purchase
"OPPO K14x 5G (Icy Blue, 128 GB)","₹19,999",4.4,6 GB RAM | 128 GB ROM,17.14 cm (6.75 inch) HD+ Display,50MP + 2MP | 5MP; f/2.2; FOV 77°; 3P lens,6500 mAh Battery,1 Year Manufacturer Warranty for Device and 6 Months Manufacturer Warranty for Inbox Accessories
"realme P4R 5G (Lavender Glare, 128 GB)","₹19,999",4.6,6 GB RAM | 128 GB ROM,17.27 cm (6.8 inch) HD+ Display,50MP Rear Camera | 8MP Front Camera,8000 mAh Lithium-ion polymer Battery,1 Year Manufacturer Warranty for Device and 6 Months Manufacturer Warranty for Inbox Accessories
"REDMI A7 (Black, 64 GB)","₹11,499",4,3 GB RAM | 64 GB ROM | Expandable Upto 2 TB,17.48 cm (6.88 $inch) HD+ Display,13MP Rear Camera | 8MP Front Camera,5200 mAh Lithium-Ion Battery,1 Year Manufacturer Warranty for Phone and 6 Months Warranty for In the Box Accessories
"REDMI A7 (Blue, 64 GB)","₹11,499",4,3 GB RAM | 64 GB ROM | Expandable Upto 2 TB,17.48 cm (6.88 $inch) HD+ Display,13MP Rear Camera | 8MP Front Camera,5200 mAh Lithium-Ion Battery,1 Year Manufacturer Warranty for Phone and 6 Months Warranty for In the Box Accessories
"realme P4R 5G (Silver Glare, 256 GB)","₹22,999",4.6,6 GB RAM | 256 GB ROM,17.27 cm (6.8 inch) HD+ Display,50MP Rear Camera | 8MP Front Camera,8000 mAh Lithium-ion polymer Battery,1 Year Manufacturer Warranty for Device and 6 Months Manufacturer Warranty for Inbox Accessories
"realme P4R 5G (Titanium Glare, 128 GB)","₹19,999",4.6,6 GB RAM | 128 GB ROM,17.27 cm (6.8 inch) HD+ Display,50MP Rear Camera | 8MP Front Camera,8000 mAh Lithium-ion polymer Battery,1 Year Manufacturer Warranty for Device and 6 Months Manufacturer Warranty for Inbox Accessories
"REDMI 15A (Ace Black, 128 GB)","₹15,999",3.9,4 GB RAM | 128 GB ROM | Expandable Upto 2 TB,17.53 cm (6.9 inch) Display,32MP Rear Camera | 8MP Front Camera,6300 mAh Lithium-Ion Polymer Battery,1 Year Manufacturer Warranty for Phone and 6 Months Warranty for In the Box Accessories
"REDMI 15A (Amaze Purple, 64 GB)","₹14,999",3.9,4 GB RAM | 64 GB ROM | Expandable Upto 2 TB,17.53 cm (6.9 inch) Display,32MP Rear Camera | 8MP Front Camera,6300 mAh Lithium-Ion Polymer Battery,1 Year Manufacturer Warranty for Phone and 6 Months Warranty for In the Box Accessories
"realme P4R 5G (Titanium Glare, 128 GB)","₹18,999",4.4,4 GB RAM | 128 GB ROM,17.27 cm (6.8 inch) HD+ Display,50MP Rear Camera | 8MP Front Camera,8000 mAh Lithium-ion polymer Battery,1 Year Manufacturer Warranty for Device and 6 Months Manufacturer Warranty for Inbox Accessories
HOTLINE V63,₹749,3.6,32 MB RAM | 32 MB ROM,4.57 cm (1.8 inch) Display,1MP Rear Camera,1000 mAh Battery,
"realme P4R 5G (Silver Glare, 128 GB)","₹19,999",4.6,6 GB RAM | 128 GB ROM,17.27 cm (6.8 inch) HD+ Display,50MP Rear Camera | 8MP Front Camera,8000 mAh Lithium-ion polymer Battery,1 Year Manufacturer Warranty for Device and 6 Months Manufacturer Warranty for Inbox Accessories
"realme P4R 5G (Silver Glare, 128 GB)","₹18,999",4.4,4 GB RAM | 128 GB ROM,17.27 cm (6.8 inch) HD+ Display,50MP Rear Camera | 8MP Front Camera,8000 mAh Lithium-ion polymer Battery,1 Year Manufacturer Warranty for Device and 6 Months Manufacturer Warranty for Inbox Accessories
"POCO X8 Pro (Green, 256 GB)","₹37,999",4.4,12 GB RAM | 256 GB ROM,16.74 cm (6.59 inch) Full HD+ AMOLED Display,50MP + 8MP | 20MP Front Camera,6500 mAh Lithium-Ion Polymer With Silicon Carbon Technology Battery,1 Year Manufacturer Warranty for Phone and 6 Months Warranty for In the Box Accessories
"REDMI 15A (Ace Black, 128 GB)","₹17,999",3.7,6 GB RAM | 128 GB ROM | Expandable Upto 2 TB,17.53 cm (6.9 inch) Display,32MP Rear Camera | 8MP Front Camera,6300 mAh Lithium-Ion Polymer Battery,1 Year Manufacturer Warranty for Phone and 6 Months Warranty for In the Box Accessories
LAVA Hero Shakti 2026,₹989,4.2,4 MB RAM | 4 MB ROM | Expandable Upto 32 GB,4.57 cm (1.8 inch) HQVGA Display,0MP | 0MP Front Camera,1000 mAh Battery,Brand Warranty of 1 Year Available for Mobile and 6 Months for Battery and Accessories
"realme P4R 5G (Lavender Glare, 128 GB)","₹18,999",4.4,4 GB RAM | 128 GB ROM,17.27 cm (6.8 inch) HD+ Display,50MP Rear Camera | 8MP Front Camera,8000 mAh Lithium-ion polymer Battery,1 Year Manufacturer Warranty for Device and 6 Months Manufacturer Warranty for Inbox Accessories
"REDMI 15A (Amaze Purple, 128 GB)","₹15,999",3.9,4 GB RAM | 128 GB ROM | Expandable Upto 2 TB,17.53 cm (6.9 inch) Display,32MP Rear Camera | 8MP Front Camera,6300 mAh Lithium-Ion Polymer Battery,1 Year Manufacturer Warranty for Phone and 6 Months Warranty for In the Box Accessories
"REDMI 15A (Amaze Purple, 64 GB)","₹14,999",3.9,4 GB RAM | 64 GB ROM | Expandable Upto 2 TB,17.53 cm (6.9 inch) Display,32MP Rear Camera | 8MP Front Camera,6300 mAh Lithium-Ion Polymer Battery,1 Year Manufacturer Warranty for Phone and 6 Months Warranty for In the Box Accessories
"OPPO K14x 5G (Prism Violet, 64 GB)","₹15,999",4.3,4 GB RAM | 64 GB ROM,17.14 cm (6.75 inch) HD+ Display,50MP + 2MP | 5MP; f/2.2; FOV 77°; 3P lens,6500 mAh Battery,1 Year Manufacturer Warranty for Device and 6 Months Manufacturer Warranty for Inbox Accessories
"REDMI A7 Pro 5G (Black, 128 GB)","₹13,849",4.1,4 GB RAM | 128 GB ROM | Expandable Upto 128 GB,17.53 cm (6.9 inch) Full HD+ Display,32MP Rear Camera,6300 mAh Battery,1 year manufacturer warranty for device and 6 months manufacturer warranty for in-box accessories including batteries from the date of purchase
"Samsung Galaxy M17 5G (Sapphire Black, 128 GB)","₹16,795",4.4,6 GB RAM | 128 GB ROM,17.02 cm (6.7 inch) Display,50MP Rear Camera,5000 mAh Battery,
"Samsung Galaxy A06 5G (Black, 64 GB)","₹12,690",4.1,4 GB RAM | 64 GB ROM,17.02 cm (6.7 inch) HD+ Display,50MP + 2MP | 8MP Front Camera,5000 mAh Li-ion Battery,1 Year Manufacturer Warranty for Device and 6 Months for In-Box Accessories
"REDMI 15A (Ace Black, 128 GB)","₹17,999",3.7,6 GB RAM | 128 GB ROM | Expandable Upto 2 TB,17.53 cm (6.9 inch) Display,32MP Rear Camera | 8MP Front Camera,6300 mAh Lithium-Ion Polymer Battery,1 Year Manufacturer Warranty for Phone and 6 Months Warranty for In the Box Accessories
"REDMI 15A (Amaze Purple, 128 GB)","₹17,999",3.7,6 GB RAM | 128 GB ROM | Expandable Upto 2 TB,17.53 cm (6.9 inch) Display,32MP Rear Camera | 8MP Front Camera,6300 mAh Lithium-Ion Polymer Battery,1 Year Manufacturer Warranty for Phone and 6 Months Warranty for In the Box Accessories
HOTLINE H312,₹549,3.5,32 MB RAM | 32 MB ROM,4.57 cm (1.8 inch) Display,0.3MP Rear Camera,1000 mAh Battery,
HOTLINE H310,₹549,3.5,32 MB RAM | 32 MB ROM,4.57 cm (1.8 inch) Display,0.3MP Rear Camera,1000 mAh Battery,
"REDMI 15A (Ace Black, 64 GB)","₹14,999",3.9,4 GB RAM | 64 GB ROM | Expandable Upto 2 TB,17.53 cm (6.9 inch) Display,32MP Rear Camera | 8MP Front Camera,6300 mAh Lithium-Ion Polymer Battery,1 Year Manufacturer Warranty for Phone and 6 Months Warranty for In the Box Accessories
"REDMI 15A (Awesome Blue, 128 GB)","₹15,999",3.9,4 GB RAM | 128 GB ROM | Expandable Upto 2 TB,17.53 cm (6.9 inch) Display,32MP Rear Camera | 8MP Front Camera,6300 mAh Lithium-Ion Polymer Battery,1 Year Manufacturer Warranty for Phone and 6 Months Warranty for In the Box Accessories
"Nokia 105 Classic Single Sim Keypad Phone, Charger in-Box","₹1,229",3.7,32 MB RAM | 32 MB ROM,4.5 cm (1.77 inch) Display,0MP Front Camera,800 mAh Battery,1 Month Company Domestic Warranty by Company Authorized Service Center.
"Samsung Galaxy A07 LTE (Black, 64 GB)","₹10,471",4.2,4 GB RAM | 64 GB ROM | Expandable Upto 2 TB,17.02 cm (6.7 inch) HD+ Display,50MP + 2MP,5000 mAh Battery,1 Year Manufacturer Warranty for Device and 6 Months for In-Box Accessories
"Nokia 106 Single Sim Keypad Phone with Built-in UPI App, MP3 Player","₹1,318",3.9,32 MB RAM | 32 MB ROM,17.02 cm (6.7 inch) Display,1000 mAh Battery,SC6531E Processor,
Kechaoda K-9,"₹1,340",4,64 MB RAM | 64 MB ROM,5.59 cm (2.2 inch) Display,0.3MP Rear Camera,2000 mAh Battery,
"REDMI 15A (Awesome Blue, 64 GB)","₹14,999",3.9,4 GB RAM | 64 GB ROM | Expandable Upto 2 TB,17.53 cm (6.9 inch) Display,32MP Rear Camera | 8MP Front Camera,6300 mAh Lithium-Ion Polymer Battery,1 Year Manufacturer Warranty for Phone and 6 Months Warranty for In the Box Accessories
"Samsung Galaxy A06 5G (Light Gray, 64 GB)","₹12,734",4.1,4 GB RAM | 64 GB ROM | Expandable Upto 1 TB,17.02 cm (6.7 inch) HD+ Display,50MP + 50MP | 8MP + 2MP Dual Front Camera,5000 mAh Battery,1 Year Manufacturer Warranty for Device and 6 Months for In-Box Accessories
"OnePlus Nord CE6 (Lunar Pearl, 128 GB)","₹32,199",4.5,8 GB RAM | 128 GB ROM | Expandable Upto 128 GB,17.22 cm (6.78 inch) Full HD+ Display,50MP Rear Camera | 2MP Front Camera,8000 mAh Battery,one year of handset six month of accessories
"MOTOROLA Edge 60 Pro (Pantone Dazzling Blue, 256 GB)","₹25,999",4.3,8 GB RAM | 256 GB ROM,17.02 cm (6.7 inch) Display,50MP + 50MP + 10MP | 50MP Front Camera,6000 mAh Battery,1 Year Warranty on Handset and 6 Months Warranty on Accessories
"OPPO K14x 5G (Prism Violet, 128 GB)","₹19,999",4.4,6 GB RAM | 128 GB ROM,17.14 cm (6.75 inch) HD+ Display,50MP + 2MP | 5MP; f/2.2; FOV 77°; 3P lens,6500 mAh Battery,1 Year Manufacturer Warranty for Device and 6 Months Manufacturer Warranty for Inbox Accessories
"OnePlus Nord CE6 Lite (Hyper Black, 256 GB)","₹31,222",4.3,8 GB RAM | 256 GB ROM | Expandable Upto 128 GB,17.07 cm (6.72 inch) Full HD+ Display,50MP Rear Camera | 8MP Front Camera,7000 mAh Battery,one year of handset six month of accessories
"Nokia 130 Music Dual Sim with Music Player, Dedicated Music Buttons","₹1,971",3.9,4 MB RAM | 4 MB ROM,6.1 cm (2.4 inch) Display,0MP Front Camera,1450 mAh Battery,NO WARRANTY
"OnePlus Nord CE6 (Lunar Pearl, 256 GB)","₹35,173",4.5,8 GB RAM | 256 GB ROM | Expandable Upto 256 GB,17.22 cm (6.78 inch) Full HD+ Display,50MP Rear Camera | 2MP Front Camera,8000 mAh Battery,one year of handset six month of accessories
"OnePlus Nord CE6 (Pitch Black, 256 GB)","₹35,009",4.5,8 GB RAM | 256 GB ROM | Expandable Upto 256 GB,17.22 cm (6.78 inch) Full HD+ Display,50MP Rear Camera | 2MP Front Camera,8000 mAh Battery,one year of handset six month of accessories
"IQOO Neo 10 (Alpine White, 256 GB)","₹41,300",4.5,8 GB RAM | 256 GB ROM,17.22 cm (6.78 inch) Full HD+ Super AMOLED Display,50MP Rear Camera,7000 mAh Battery,"Duration: 1 Year for the Device; 6 Months for In-box accessories (Charger, Cable).

Coverage: Manufacturing defects and functional faults.

Replacement Policy: Defective items may be eligible for repair or replacement at an authorized service center.

Software Updates: The device includes 3 years of Android OS updates and 4 years of security patches.

Excluded from Warranty: Damages caused by liquid/moisture entering the device, physical damage, unauthorized repairs, or use of non-original accessories"
"Infinix SMART 20 (Sunlike Orange, 64 GB)","₹12,499",4,4 GB RAM | 64 GB ROM,17.22 cm (6.78 inch) HD+ Display,8MP Rear Camera | 8MP Front Camera,5200 mAh Battery,"1 year for Handset
6 months for Accessories"
"REDMI A7 Pro (Black, 64 GB)","₹12,499",3.8,4 GB RAM | 64 GB ROM | Expandable Upto 2 TB,17.53 cm (6.9 inch) HD+ Display,13MP Rear Camera | 8MP Front Camera,6300 mAh Lithium-Ion Battery,1 Year Manufacturer Warranty for Phone and 6 Months Warranty for In the Box Accessories
"Samsung Galaxy S25 Plus 5G (Silver Shadow, 256 GB)","₹79,999",4.6,12 GB RAM | 256 GB ROM,17.02 cm (6.7 inch) Quad HD+ Display,50MP + 10MP + 12MP | 12MP Front Camera,4900 mAh Battery,1 Year Manufacturer Warranty for Device and 6 Months for In-Box Accessories
HOTLINE ROYAL,₹549,3.6,32 MB RAM | 32 MB ROM,4.57 cm (1.8 inch) Display,1.3MP Rear Camera,1000 mAh Battery,
"POCO X8 Pro (Black, 256 GB)","₹37,999",4.4,12 GB RAM | 256 GB ROM,16.74 cm (6.59 inch) Full HD+ AMOLED Display,50MP + 8MP | 20MP Front Camera,6500 mAh Lithium-Ion Polymer With Silicon Carbon Technology Battery,1 Year Manufacturer Warranty for Phone and 6 Months Warranty for In the Box Accessories
"POCO X8 Pro (Iron man edition, 256 GB)","₹39,999",4.4,12 GB RAM | 256 GB ROM,16.74 cm (6.59 inch) Full HD+ AMOLED Display,50MP + 8MP | 20MP Front Camera,6500 mAh Lithium-Ion Polymer With Silicon Carbon Technology Battery,1 Year Manufacturer Warranty for Phone and 6 Months Warranty for In the Box Accessories
"realme P4x 5G (Matte Silver, 128 GB)","₹22,999",4.3,6 GB RAM | 128 GB ROM,17.07 cm (6.72 inch) Full HD+ Display,50MP + 2MP | 8MP Front Camera,7000 mAh Battery,1 Year Manufacturer Warranty for Phone and 6 Months Warranty for In-Box Accessories
"POCO M7 5G (Ocean Blue, 128 GB)","₹13,499",4.3,8 GB RAM | 128 GB ROM | Expandable Upto 1 TB,17.48 cm (6.88 inch) HD+ Display,50MP Rear Camera | 8MP Front Camera,5160 mAh Battery,1 Year Manufacturer Warranty for Phone and 6 Months Warranty for In the Box Accessories
itel Ace 3 Shine,₹844,4.1,4 MB RAM | 4 MB ROM,4.57 cm (1.8 inch) NA Display,1000 mAh Battery,1 year manufacturer Warranty,
"OPPO K14x 5G (Icy Blue, 64 GB)","₹15,999",4.3,4 GB RAM | 64 GB ROM,17.14 cm (6.75 inch) HD+ Display,50MP + 2MP | 5MP; f/2.2; FOV 77°; 3P lens,6500 mAh Battery,1 Year Manufacturer Warranty for Device and 6 Months Manufacturer Warranty for Inbox Accessories
"REDMI 15A (Amaze Purple, 128 GB)","₹15,999",3.9,4 GB RAM | 128 GB ROM | Expandable Upto 2 TB,17.53 cm (6.9 inch) Display,32MP Rear Camera | 8MP Front Camera,6300 mAh Lithium-Ion Polymer Battery,1 Year Manufacturer Warranty for Phone and 6 Months Warranty for In the Box Accessories
"REDMI A7 (Black, 64 GB)","₹11,499",4,3 GB RAM | 64 GB ROM | Expandable Upto 2 TB,17.48 cm (6.88 $inch) HD+ Display,13MP Rear Camera | 8MP Front Camera,5200 mAh Lithium-Ion Battery,1 Year Manufacturer Warranty for Phone and 6 Months Warranty for In the Box Accessories
"Ai+ Nova 2 Ultra 5G (Red, 128 GB)","₹19,999",4.1,8 GB RAM | 128 GB ROM | Expandable Upto 1 TB,17.22 cm (6.78 inch) Full HD+ AMOLED Display,50MP + 8MP | 13MP Front Camera,6000 mAh Li-polymer Battery,1 Year Warranty on Handset and 6 Months Warranty on the Inbox Accessories
itel Ace 3 Shine,₹849,4.1,4 MB RAM | 4 MB ROM | Expandable Upto 32 GB,4.57 cm (1.8 inch) QVGA Display,1000 mAh Battery,Unisoc Processor,
"POCO X8 Pro (Black, 256 GB)","₹34,999",4.3,8 GB RAM | 256 GB ROM,16.74 cm (6.59 inch) Full HD+ AMOLED Display,50MP + 8MP | 20MP Front Camera,6500 mAh Lithium-Ion Polymer With Silicon Carbon Technology Battery,1 Year Manufacturer Warranty for Phone and 6 Months Warranty for In the Box Accessories
"POCO X8 Pro (White, 256 GB)","₹37,999",4.4,12 GB RAM | 256 GB ROM,16.74 cm (6.59 inch) Full HD+ AMOLED Display,50MP + 8MP | 20MP Front Camera,6500 mAh Lithium-Ion Polymer With Silicon Carbon Technology Battery,1 Year Manufacturer Warranty for Phone and 6 Months Warranty for In the Box Accessories
"OnePlus Nord CE6 Lite (Hyper Black, 256 GB)","₹31,222",4.3,8 GB RAM | 256 GB ROM | Expandable Upto 128 GB,17.07 cm (6.72 inch) Full HD+ Display,50MP Rear Camera | 8MP Front Camera,7000 mAh Battery,one year of handset six month of accessories
Kechaoda A27,₹979,4,32 MB RAM | 32 MB ROM | Expandable Upto 16 GB,1.68 cm (0.66 inch) NA Display,0.5MP | 0MP Front Camera,800 mAh Battery,3 Months Company Warranty
Kechaoda A26,₹924,4,32 MB RAM | 32 MB ROM | Expandable Upto 16 GB,1.68 cm (0.66 inch) QVGA Display,0MP | 0MP Front Camera,800 mAh Battery,3 Months Company Warranty
LAVA Hero Shakti 2026,₹989,4.2,4 MB RAM | 4 MB ROM | Expandable Upto 32 GB,4.57 cm (1.8 inch) HQVGA Display,0MP | 0MP Front Camera,1000 mAh Battery,Brand Warranty of 1 Year Available for Mobile and 6 Months for Battery and Accessories
"Infinix SMART 20 (Sunlike Orange, 64 GB)","₹12,499",4,4 GB RAM | 64 GB ROM,17.22 cm (6.78 inch) HD+ Display,8MP Rear Camera | 8MP Front Camera,5200 mAh Battery,"1 year for Handset
6 months for Accessories"
"REDMI A7 Pro (Black, 64 GB)","₹12,499",3.8,4 GB RAM | 64 GB ROM | Expandable Upto 2 TB,17.53 cm (6.9 inch) HD+ Display,13MP Rear Camera | 8MP Front Camera,6300 mAh Lithium-Ion Battery,1 Year Manufacturer Warranty for Phone and 6 Months Warranty for In the Box Accessories
"Apple iPhone 17 (Mist Blue, 256 GB)","₹79,400",4.6,256 GB ROM,16.0 cm (6.3 inch) Super Retina XDR Display,48MP + 48MP | 18MP Front Camera,"A19 Chip, 6 Core Processor Processor",
"Ai+ Nova 2 Ultra 5G (Black, 128 GB)","₹19,999",4.1,8 GB RAM | 128 GB ROM | Expandable Upto 1 TB,17.22 cm (6.78 inch) Full HD+ AMOLED Display,50MP + 8MP | 13MP Front Camera,6000 mAh Li-polymer Battery,1 Year Warranty on Handset and 6 Months Warranty on the Inbox Accessories
"POCO X8 Pro (Black, 256 GB)","₹37,999",4.4,12 GB RAM | 256 GB ROM,16.74 cm (6.59 inch) Full HD+ AMOLED Display,50MP + 8MP | 20MP Front Camera,6500 mAh Lithium-Ion Polymer With Silicon Carbon Technology Battery,1 Year Manufacturer Warranty for Phone and 6 Months Warranty for In the Box Accessories
"REDMI 15A (Amaze Purple, 128 GB)","₹15,999",3.9,4 GB RAM | 128 GB ROM | Expandable Upto 2 TB,17.53 cm (6.9 inch) Display,32MP Rear Camera | 8MP Front Camera,6300 mAh Lithium-Ion Polymer Battery,1 Year Manufacturer Warranty for Phone and 6 Months Warranty for In the Box Accessories
MOTOROLA Moto A100,"₹1,078",4,36 MB RAM | 36 MB ROM | Expandable Upto 0 MB,3.66 cm (1.44 inch) HQVGA Display,0MP | 0MP Front Camera,800 mAh Battery,2 Years Domestic Replacement Warranty
"realme Narzo 100 Lite 5G (Thunder Black, 128 GB)","₹15,874",4.1,4 GB RAM | 128 GB ROM,17.27 cm (6.8 inch) Display,13MP Rear Camera,7000 mAh Battery,
"Ai+ Nova 2 Ultra 5G (Blue, 128 GB)","₹17,999",4.1,6 GB RAM | 128 GB ROM | Expandable Upto 1 TB,17.22 cm (6.78 inch) Full HD+ AMOLED Display,50MP + 8MP | 13MP Front Camera,6000 mAh Li-polymer Battery,1 Year Warranty on Handset and 6 Months Warranty on the Inbox Accessories
"OPPO K13 Turbo Pro 5G (Midnight Maverick, 256 GB)","₹30,999",4.4,8 GB RAM | 256 GB ROM,17.27 cm (6.8 inch) Full HD+ Display,50MP + 2MP | 16MP Front Camera,7000 mAh Battery,1 Year Manufacturer Warranty for Device and 6 Months Manufacturer Warranty for Inbox Accessories
"POCO X8 Pro (Iron man edition, 256 GB)","₹39,999",4.4,12 GB RAM | 256 GB ROM,16.74 cm (6.59 inch) Full HD+ AMOLED Display,50MP + 8MP | 20MP Front Camera,6500 mAh Lithium-Ion Polymer With Silicon Carbon Technology Battery,1 Year Manufacturer Warranty for Phone and 6 Months Warranty for In the Box Accessories
"REDMI A7 (Black, 64 GB)","₹11,499",4,3 GB RAM | 64 GB ROM | Expandable Upto 2 TB,17.48 cm (6.88 $inch) HD+ Display,13MP Rear Camera | 8MP Front Camera,5200 mAh Lithium-Ion Battery,1 Year Manufacturer Warranty for Phone and 6 Months Warranty for In the Box Accessories
"IQOO Z10R 5G (Aquamarine, 256 GB)","₹27,500",4.4,8 GB RAM | 256 GB ROM,17.2 cm (6.77 inch) Display,50MP Rear Camera,5700 mAh Battery,
"Samsung Galaxy A06 (Black, 64 GB)","₹10,279",4.1,4 GB RAM | 64 GB ROM | Expandable Upto 1 TB,17.02 cm (6.7 inch) HD+ Display,50MP + 2MP | 8MP Front Camera,5000 mAh Battery,1 Year Manufacturer Warranty for Device and 6 Months for In-Box Accessories
"POCO X8 Pro (Black, 256 GB)","₹34,999",4.3,8 GB RAM | 256 GB ROM,16.74 cm (6.59 inch) Full HD+ AMOLED Display,50MP + 8MP | 20MP Front Camera,6500 mAh Lithium-Ion Polymer With Silicon Carbon Technology Battery,1 Year Manufacturer Warranty for Phone and 6 Months Warranty for In the Box Accessories
"POCO X8 Pro (White, 256 GB)","₹37,999",4.4,12 GB RAM | 256 GB ROM,16.74 cm (6.59 inch) Full HD+ AMOLED Display,50MP + 8MP | 20MP Front Camera,6500 mAh Lithium-Ion Polymer With Silicon Carbon Technology Battery,1 Year Manufacturer Warranty for Phone and 6 Months Warranty for In the Box Accessories
"realme Narzo 100 Lite 5G (Thunder Black, 64 GB)","₹14,624",4.1,4 GB RAM | 64 GB ROM,17.27 cm (6.8 inch) Display,13MP Rear Camera,7000 mAh Battery,
"IQOO Z10R 5G (Moonstone, 128 GB)","₹23,480",4.4,8 GB RAM | 128 GB ROM,17.2 cm (6.77 inch) Display,50MP Rear Camera,5700 mAh Battery,
"Google Pixel 10a (Berry, 256 GB)","₹49,999",4.5,8 GB RAM | 256 GB ROM,16.0 cm (6.3 inch) Full HD+ AMOLED Display,48MP + 13MP | 13MP Front Camera,5100 mAh Lithium Battery,1 year domestic warranty
"IQOO Z10R 5G (Aquamarine, 128 GB)","₹23,440",4.4,8 GB RAM | 128 GB ROM,17.2 cm (6.77 inch) Display,50MP Rear Camera,5700 mAh Battery,
"POCO X8 Pro (Green, 256 GB)","₹34,999",4.3,8 GB RAM | 256 GB ROM,16.74 cm (6.59 inch) Full HD+ AMOLED Display,50MP + 8MP | 20MP Front Camera,6500 mAh Lithium-Ion Polymer With Silicon Carbon Technology Battery,1 Year Manufacturer Warranty for Phone and 6 Months Warranty for In the Box Accessories
"REDMI A7 (Blue, 64 GB)","₹11,499",4,3 GB RAM | 64 GB ROM | Expandable Upto 2 TB,17.48 cm (6.88 $inch) HD+ Display,13MP Rear Camera | 8MP Front Camera,5200 mAh Lithium-Ion Battery,1 Year Manufacturer Warranty for Phone and 6 Months Warranty for In the Box Accessories
"Samsung Galaxy S25 Ultra 5G (Titanium Silverblue, 256 GB)","₹89,699",4.6,12 GB RAM | 256 GB ROM,17.53 cm (6.9 inch) Quad HD+ Display,200MP + 50MP + 50MP + 10MP | 12MP Front Camera,5000 mAh Battery,1 Year Manufacturer Warranty for Device and 6 Months for In-Box Accessories
"Samsung Galaxy M17 5G (Sapphire Black, 128 GB)","₹13,995",4.2,4 GB RAM | 128 GB ROM,17.02 cm (6.7 inch) Display,50MP Rear Camera,5000 mAh Battery,
"REDMI 15A (Amaze Purple, 128 GB)","₹15,999",3.9,4 GB RAM | 128 GB ROM | Expandable Upto 2 TB,17.53 cm (6.9 inch) Display,32MP Rear Camera | 8MP Front Camera,6300 mAh Lithium-Ion Polymer Battery,1 Year Manufacturer Warranty for Phone and 6 Months Warranty for In the Box Accessories
"REDMI 15A (Amaze Purple, 64 GB)","₹14,999",3.9,4 GB RAM | 64 GB ROM | Expandable Upto 2 TB,17.53 cm (6.9 inch) Display,32MP Rear Camera | 8MP Front Camera,6300 mAh Lithium-Ion Polymer Battery,1 Year Manufacturer Warranty for Phone and 6 Months Warranty for In the Box Accessories
"Samsung Galaxy A17 5G (Black, 256 GB)","₹26,299",4.3,8 GB RAM | 256 GB ROM | Expandable Upto 2 TB,17.02 cm (6.7 inch) Full HD+ Display,50MP + 5MP + 2MP | 13MP Front Camera,5000 mAh Battery,1 Year Manufacturer Warranty for Device and 6 Months for In-Box Accessories
"OPPO K13 Turbo Pro 5G (Purple Phantom, 256 GB)","₹32,999",4.4,12 GB RAM | 256 GB ROM,17.27 cm (6.8 inch) Full HD+ Display,50MP + 2MP | 16MP Front Camera,7000 mAh Battery,1 Year Manufacturer Warranty for Device and 6 Months Manufacturer Warranty for Inbox Accessories
"OPPO K13 Turbo Pro 5G (Midnight Maverick, 256 GB)","₹32,999",4.4,12 GB RAM | 256 GB ROM,17.27 cm (6.8 inch) Full HD+ Display,50MP + 2MP | 16MP Front Camera,7000 mAh Battery,1 Year Manufacturer Warranty for Device and 6 Months Manufacturer Warranty for Inbox Accessories
KARBONN K9,"₹1,490",4.2,32 MB RAM | 32 MB ROM | Expandable Upto 32 GB,6.1 cm (2.4 inch) FWVGA Display,2MP + 0MP | 0MP Front Camera,1800 mAh Battery,1 Year Manufacture Warranty
"REDMI 15A (Ace Black, 128 GB)","₹17,999",3.7,6 GB RAM | 128 GB ROM | Expandable Upto 2 TB,17.53 cm (6.9 inch) Display,32MP Rear Camera | 8MP Front Camera,6300 mAh Lithium-Ion Polymer Battery,1 Year Manufacturer Warranty for Phone and 6 Months Warranty for In the Box Accessories
"REDMI 15A (Amaze Purple, 128 GB)","₹17,999",3.7,6 GB RAM | 128 GB ROM | Expandable Upto 2 TB,17.53 cm (6.9 inch) Display,32MP Rear Camera | 8MP Front Camera,6300 mAh Lithium-Ion Polymer Battery,1 Year Manufacturer Warranty for Phone and 6 Months Warranty for In the Box Accessories
"Samsung S25 Ultra 5G (Titanium Gray, 256 GB)","₹87,999",4.6,12 GB RAM | 256 GB ROM,17.53 cm (6.9 inch) Quad HD+ Display,200MP + 50MP + 50MP + 10MP | 12MP Front Camera,5000 mAh Battery,1 Year Manufacturer Warranty for Device and 6 Months for In-Box Accessories
Kechaoda A27,₹949,4,32 MB RAM | 32 MB ROM | Expandable Upto 16 GB,1.68 cm (0.66 inch) Display,800 mAh Battery,Processor clock: 400 MHz Processor,
"REDMI 15A (Ace Black, 64 GB)","₹14,999",3.9,4 GB RAM | 64 GB ROM | Expandable Upto 2 TB,17.53 cm (6.9 inch) Display,32MP Rear Camera | 8MP Front Camera,6300 mAh Lithium-Ion Polymer Battery,1 Year Manufacturer Warranty for Phone and 6 Months Warranty for In the Box Accessories
"REDMI 15A (Awesome Blue, 128 GB)","₹15,999",3.9,4 GB RAM | 128 GB ROM | Expandable Upto 2 TB,17.53 cm (6.9 inch) Display,32MP Rear Camera | 8MP Front Camera,6300 mAh Lithium-Ion Polymer Battery,1 Year Manufacturer Warranty for Phone and 6 Months Warranty for In the Box Accessories
"IQOO Z10R 5G (Aquamarine, 256 GB)","₹29,249",4.3,12 GB RAM | 256 GB ROM,17.2 cm (6.77 inch) Display,50MP Rear Camera,5700 mAh Battery,
Samsung 1200,"₹1,992",4.1,4 GB RAM | 10 MB ROM,5.08 cm (2 inch) Display,800 mAh Battery,1 Year Manufacturer Warranty,
itel Ace 3 Shine,"₹1,099",4.7,4 MB RAM | 4 MB ROM | Expandable Upto 32 GB,4.57 cm (1.8 inch) QVGA Display,1000 mAh Battery,Unisoc Processor,
"Apple iPhone 17 Pro (Silver, 512 GB)","₹1,47,900",3.9,512 GB ROM,16.0 cm (6.3 inch) Super Retina XDR Display,48MP + 48MP + 48MP | 18MP Front Camera,"A19 Chip, 6 Core Processor Processor",
"REDMI 15A (Awesome Blue, 64 GB)","₹14,999",4,4 GB RAM | 64 GB ROM | Expandable Upto 2 TB,17.53 cm (6.9 inch) Display,32MP Rear Camera | 8MP Front Camera,6300 mAh Lithium-Ion Polymer Battery,1 Year Manufacturer Warranty for Phone and 6 Months Warranty for In the Box Accessories
Kechaoda A27,₹949,4.8,32 MB RAM | 32 MB ROM | Expandable Upto 16 GB,1.68 cm (0.66 inch) FWVGA+ Display,800 mAh Battery,3 Months Company Warranty,
"Apple iPhone 17 Pro Max (Deep Blue, 256 GB)","₹1,42,900",4.1,256 GB ROM,17.53 cm (6.9 inch) Super Retina XDR Display,48MP + 48MP + 48MP | 18MP Front Camera,"A19 Chip, 6 Core Processor Processor",
"Samsung Galaxy M17e (Vibe Violet, 128 GB)","₹15,790",4.4,6 GB RAM | 128 GB ROM | Expandable Upto 128 GB,17.02 cm (6.7 inch) Full HD+ Display,50MP Rear Camera | 2MP Front Camera,6000 mAh Battery,1-year manufacturer warranty for the device and 6 months for in-box accessories.
"REDMI Note 15 SE 5G Snapdragon (Frosted White, 128 GB)","₹21,999",4,6 GB RAM | 128 GB ROM | Expandable Upto 1 TB,17.2 cm (6.77 inch) Full HD+ AMOLED Display,50MP Rear Camera | 20MP Front Camera,5800 mAh Lithium-Ion Polymer Battery,1 Year Manufacturer Warranty for Phone and 6 Months Warranty for In the Box Accessories
Kechaoda A27,₹969,4.4,32 MB RAM | 32 MB ROM | Expandable Upto 16 GB,1.68 cm (0.66 inch) QVGA Display,0MP | 0MP Front Camera,800 mAh Battery,3 Months Company Warranty
"IQOO Z10R 5G (Moonstone, 256 GB)","₹26,499",4.3,8 GB RAM | 256 GB ROM,17.2 cm (6.77 inch) Display,50MP Rear Camera,5700 mAh Battery,
"MOTOROLA Edge 70 Pro+ (Satin-Luxe PANTONE Zinfandel (Maroon), 256 GB)","₹47,999",4.4,12 GB RAM | 256 GB ROM,17.27 cm (6.8 inch) Full HD+ Super AMOLED Display,50MP + 50MP + 50MP | 50MP Front Camera,6500 mAh Silicon-Carbon Battery,1 Year on Handset and 6 Months on Accessories
"HMD Vibe2 5G (Cosmic Lavender, 128 GB)","₹14,999",4.6,4 GB RAM | 128 GB ROM,17.02 cm (6.7 inch) HD+ Display,50MP Rear Camera | 8MP Front Camera,6000 mAh Li-Poly Battery,
"HMD Vibe2 5G (Peach Pink, 128 GB)","₹14,999",4.6,4 GB RAM | 128 GB ROM,17.02 cm (6.7 inch) HD+ Display,50MP Rear Camera | 8MP Front Camera,6000 mAh Li-Poly Battery,
itel it5330 | 2.8 inch Big Display | 1900 mAh Battery | Kingvoice,"₹1,490",4.1,32 MB RAM | 32 MB ROM | Expandable Upto 32 GB,7.11 cm (2.8 inch) Quarter QVGA Display,0.8MP + 0MP | 0MP Front Camera,1900 mAh Battery,12+1 month manufacturer warranty
"MOTOROLA Edge 70 Pro+ (Satin-Luxe PANTONE Zinfandel (Maroon), 256 GB)","₹47,999",4.3,12 GB RAM | 256 GB ROM,17.27 cm (6.8 inch) Full HD+ Super AMOLED Display,50MP + 50MP + 50MP | 50MP Front Camera,6500 mAh Silicon-Carbon Battery,1 Year on Handset and 6 Months on Accessories
"Samsung Galaxy F36 5G (Black, 128 GB)","₹19,999",4.2,8 GB RAM | 128 GB ROM | Expandable Upto 2 TB,17.02 cm (6.7 inch) Full HD+ Display,50MP + 8MP + 2MP | 13MP Front Camera,5000 mAh Battery,1 Year Manufacturer Warranty for Device and 6 Months for In-Box Accessories
"Samsung Galaxy S25 FE 5G (Jetblack, 128 GB)","₹46,999",4.6,8 GB RAM | 128 GB ROM,17.02 cm (6.7 inch) Full HD+ Display,50MP + 12MP + 8MP | 12MP Front Camera,4900 mAh Li-ion Battery,1 Year Manufacturer Warranty for Device and 6 Months for In-Box Accessories
"realme 15 Pro 5G (Silk Purple, 256 GB)","₹27,999",4.3,8 GB RAM | 256 GB ROM,17.27 cm (6.8 inch) Display,50MP + 50MP | 50MP Front Camera,7000 mAh Battery,1 Year Manufacturer Warranty for Device and 6 Months Manufacturer Warranty for Inbox Accessories
LAVA A1 Josh,"₹1,041",4.2,4 MB RAM | 2 MB ROM | Expandable Upto 32 GB,5.08 cm (2 inch) HVGA Display,0MP | 0MP Front Camera,1000 mAh Battery,1 Year Manufacturer Replacement Guarantee for Phone and 6 months Replacement for Accessories in the Box
"POCO X7 5G (Yellow, 256 GB)","₹19,999",4.3,8 GB RAM | 256 GB ROM,16.94 cm (6.67 inch) Display,50MP + 8MP + 2MP | 20MP Front Camera,5500 mAh Battery,1 Year Manufacturer Warranty for Phone and 6 Months Warranty for In the Box Accessories
"Apple iPhone 17e (Black, 256 GB)","₹62,900",4.6,256 GB ROM,15.49 cm (6.1 inch) Super Retina XDR Display,"48MP Rear Camera | A19 chip, 6 Core",1 year warranty for phone and 1 year warranty for in Box Accessories.,
CAUL Car,"₹1,699",3.7,32 MB RAM | 32 MB ROM | Expandable Upto 8 GB,4.5 cm (1.77 inch) QVGA Display,2MP + 2MP | 0MP Front Camera,1000 mAh Battery,No Warranty
"POCO C85 5G (Mystic Purple, 128 GB)","₹15,999",4.3,6 GB RAM | 128 GB ROM | Expandable Upto 1 TB,17.53 cm (6.9 inch) HD+ Display,50MP Rear Camera | 8MP Front Camera,6000 mAh Lithium-Ion Polymer Battery,1 Year Manufacturer Warranty for Phone and 6 Months Warranty for In the Box Accessories
itel Ace 3 Shine,"₹1,099",4.1,4 MB RAM | 4 MB ROM | Expandable Upto 32 GB,4.57 cm (1.8 inch) QVGA Display,1000 mAh Battery,Unisoc Processor,
"vivo X200T (Seaside Lilac, 512 GB)","₹69,999",4.6,12 GB RAM | 512 GB ROM,16.94 cm (6.67 inch) Full HD+ AMOLED Display,50MP + 50MP + 50MP | 32MP Front Camera,6200 mAh Battery,1 Year Warranty on Handset and 6 Months Warranty on Accessories
"Apple iPhone 16 (Black, 256 GB)","₹74,900",4.6,256 GB ROM,15.49 cm (6.1 inch) Super Retina XDR Display,48MP + 12MP | 12MP Front Camera,"A18 Chip, 6 Core Processor Processor",
"OnePlus Nord CE6 Lite (Vivid Mint, 128 GB)","₹24,676",4.3,6 GB RAM | 128 GB ROM | Expandable Upto 128 GB,17.07 cm (6.72 inch) Full HD+ Display,50MP Rear Camera | 8MP Front Camera,7000 mAh Battery,one year of handset six month of accessories
"MOTOROLA g37 power (PANTONE Impenetrable, 128 GB)","₹21,999",4.1,8 GB RAM | 128 GB ROM | Expandable Upto 1 TB,16.92 cm (6.66 inch) HD+ Display,50MP Rear Camera | 8MP Front Camera,7000 mAh Battery,1 Year on Handset and 6 Months on Accessories
"OPPO K13 Turbo 5G (White Knight, 128 GB)","₹26,294",4.4,8 GB RAM | 128 GB ROM,17.27 cm (6.8 inch) Full HD+ Display,50MP + 2MP | 16MP Front Camera,7000 mAh Battery,1 Year Manufacturer Warranty for Device and 6 Months Manufacturer Warranty for Inbox Accessories
"MOTOROLA Signature (PANTONE Martini Olive, 512 GB)","₹62,499",4.5,16 GB RAM | 512 GB ROM,17.27 cm (6.8 inch) Super HD Display,50MP + 50MP + 50MP | 50MP Front Camera,5200 mAh Battery,1 Year Warranty on Handset and 6 Months Warranty on Accessories
Kechaoda K115,"₹1,029",4.1,32 MB RAM | 32 MB ROM | Expandable Upto 32 GB,3.66 cm (1.44 inch) QVGA Display,0.3MP + 0MP | 0MP Front Camera,850 mAh Battery,3 Months Company Warranty
"REDMI Note 15 SE 5G Snapdragon (Frosted White, 128 GB)","₹23,999",4.4,8 GB RAM | 128 GB ROM | Expandable Upto 1 TB,17.2 cm (6.77 inch) Full HD+ AMOLED Display,50MP Rear Camera | 20MP Front Camera,5800 mAh Lithium-Ion Polymer Battery,1 Year Manufacturer Warranty for Phone and 6 Months Warranty for In the Box Accessories
"REDMI 15C 5G (Midnight Black, 128 GB)","₹17,239",4.2,6 GB RAM | 128 GB ROM,17.53 cm (6.9 inch) Display,50MP Rear Camera,6000 mAh Battery,
"Apple iPhone 17 Pro Max (Deep Blue, 256 GB)","₹1,42,900",4.8,256 GB ROM,17.53 cm (6.9 inch) Super Retina XDR Display,48MP + 48MP + 48MP | 18MP Front Camera,"A19 Chip, 6 Core Processor Processor",
HOTLINE TIGER,₹699,3.7,32 MB RAM | 32 MB ROM,4.5 cm (1.77 inch) Display,1.3MP Rear Camera,2500 mAh Battery,
HOTLINE TIGER,₹699,3.7,32 MB RAM | 32 MB ROM,4.5 cm (1.77 inch) Display,1.3MP Rear Camera,2500 mAh Battery,
"REDMI Note 15 SE 5G Snapdragon (Frosted White, 128 GB)","₹23,999",4.4,8 GB RAM | 128 GB ROM | Expandable Upto 1 TB,17.2 cm (6.77 inch) Full HD+ AMOLED Display,50MP Rear Camera | 20MP Front Camera,5800 mAh Lithium-Ion Polymer Battery,1 Year Manufacturer Warranty for Phone and 6 Months Warranty for In the Box Accessories
"Infinix SMART 20 (Sunlike Orange, 64 GB)","₹12,499",4,4 GB RAM | 64 GB ROM,17.22 cm (6.78 inch) HD+ Display,8MP Rear Camera | 8MP Front Camera,5200 mAh Battery,"1 year for Handset
6 months for Accessories"
"REDMI A7 Pro (Black, 64 GB)","₹12,499",3.8,4 GB RAM | 64 GB ROM | Expandable Upto 2 TB,17.53 cm (6.9 inch) HD+ Display,13MP Rear Camera | 8MP Front Camera,6300 mAh Lithium-Ion Battery,1 Year Manufacturer Warranty for Phone and 6 Months Warranty for In the Box Accessories
"REDMI 15C 5G (Midnight Black, 128 GB)","₹17,239",4.2,6 GB RAM | 128 GB ROM,17.53 cm (6.9 inch) Display,50MP Rear Camera,6000 mAh Battery,
"Samsung Galaxy M17e 5G (Blitz Blue, 128 GB)","₹13,998",4.1,4 GB RAM | 128 GB ROM,17.02 cm (6.7 inch) HD+ Display,50MP Rear Camera | 8MP Front Camera,6000 mAh Battery,1 year manufacturer warranty for device and 6 months manufacturer warranty for in-box accessories including batteries from the date of purchase
"Ai+ Nova 2 Ultra 5G (Purple, 128 GB)","₹19,999",4.1,8 GB RAM | 128 GB ROM | Expandable Upto 1 TB,17.22 cm (6.78 inch) Full HD+ AMOLED Display,50MP + 8MP | 13MP Front Camera,6000 mAh Li-polymer Battery,1 Year Warranty on Handset and 6 Months Warranty on the Inbox Accessories
"Google Pixel 10a (Lavender, 256 GB)","₹49,999",4.5,8 GB RAM | 256 GB ROM,16.0 cm (6.3 inch) Full HD+ AMOLED Display,48MP + 13MP | 13MP Front Camera,5100 mAh Lithium Battery,1 year domestic warranty
"REDMI 15A (Amaze Purple, 128 GB)","₹15,999",3.9,4 GB RAM | 128 GB ROM | Expandable Upto 2 TB,17.53 cm (6.9 inch) Display,32MP Rear Camera | 8MP Front Camera,6300 mAh Lithium-Ion Polymer Battery,1 Year Manufacturer Warranty for Phone and 6 Months Warranty for In the Box Accessories
"REDMI A7 (Black, 64 GB)","₹11,499",4,3 GB RAM | 64 GB ROM | Expandable Upto 2 TB,17.48 cm (6.88 $inch) HD+ Display,13MP Rear Camera | 8MP Front Camera,5200 mAh Lithium-Ion Battery,1 Year Manufacturer Warranty for Phone and 6 Months Warranty for In the Box Accessories
HOTLINE H312,₹531,3.5,32 MB RAM | 32 MB ROM,4.57 cm (1.8 inch) Display,0.3MP Rear Camera,1000 mAh Battery,
"Ai+ Pulse 2 (Blue, 64 GB)","₹10,499",4.3,4 GB RAM | 64 GB ROM | Expandable Upto 1 TB,17.13 cm (6.745 inch) HD+ Display,50MP Rear Camera | 8MP Front Camera,6000 mAh Battery,1 Year Warranty on Handset and 6 Months Warranty on the Inbox Accessories
"POCO X8 Pro (Green, 256 GB)","₹34,999",4.3,8 GB RAM | 256 GB ROM,16.74 cm (6.59 inch) Full HD+ AMOLED Display,50MP + 8MP | 20MP Front Camera,6500 mAh Lithium-Ion Polymer With Silicon Carbon Technology Battery,1 Year Manufacturer Warranty for Phone and 6 Months Warranty for In the Box Accessories
"REDMI A7 (Blue, 64 GB)","₹11,499",4,3 GB RAM | 64 GB ROM | Expandable Upto 2 TB,17.48 cm (6.88 $inch) HD+ Display,13MP Rear Camera | 8MP Front Camera,5200 mAh Lithium-Ion Battery,1 Year Manufacturer Warranty for Phone and 6 Months Warranty for In the Box Accessories
HOTLINE Amaze H312,₹549,3.5,32 MB RAM | 64 MB ROM,4.57 cm (1.8 inch) Display,2MP Rear Camera,1050 mAh Battery,
"realme GT 7T (IceSense Black, 512 GB)","₹33,999",4.4,12 GB RAM | 512 GB ROM,17.27 cm (6.8 inch) Full HD+ AMOLED Display,50MP + 8MP | 32MP Front Camera,7000 mAh Li-ion Battery,standard 1-year warranty for the device  and a 6-month warranty for accessories
"REDMI Note 15 SE 5G (Frosted White, 256 GB)","₹25,999",4.4,8 GB RAM | 256 GB ROM | Expandable Upto 1 TB,17.2 cm (6.77 inch) Full HD+ AMOLED Display,50MP Rear Camera | 20MP Front Camera,5800 mAh Lithium-Ion Polymer Battery,1 Year Manufacturer Warranty for Phone and 6 Months Warranty for In the Box Accessories
"Google Pixel 10a (Obsidian, 256 GB)","₹49,999",4.5,8 GB RAM | 256 GB ROM,16.0 cm (6.3 inch) Full HD+ AMOLED Display,48MP + 13MP | 13MP Front Camera,5100 mAh Lithium Battery,1 year domestic warranty
"REDMI 15A (Ace Black, 128 GB)","₹15,999",3.9,4 GB RAM | 128 GB ROM | Expandable Upto 2 TB,17.53 cm (6.9 inch) Display,32MP Rear Camera | 8MP Front Camera,6300 mAh Lithium-Ion Polymer Battery,1 Year Manufacturer Warranty for Phone and 6 Months Warranty for In the Box Accessories
"REDMI 15A (Amaze Purple, 64 GB)","₹14,999",3.9,4 GB RAM | 64 GB ROM | Expandable Upto 2 TB,17.53 cm (6.9 inch) Display,32MP Rear Camera | 8MP Front Camera,6300 mAh Lithium-Ion Polymer Battery,1 Year Manufacturer Warranty for Phone and 6 Months Warranty for In the Box Accessories
"MOTOROLA Edge 70 Pro+ (Twill Inspired PANTONE Stormy sea (Green), 256 GB)","₹47,999",4.3,12 GB RAM | 256 GB ROM,17.27 cm (6.8 inch) Full HD+ Super AMOLED Display,50MP + 50MP + 50MP | 50MP Front Camera,6500 mAh Silicon-Carbon Battery,1 Year on Handset and 6 Months on Accessories
"MOTOROLA g06 power Charger in the Box (Pantone Tendril, 64 GB)","₹11,499",4.2,4 GB RAM | 64 GB ROM | Expandable Upto 1 TB,17.48 cm (6.88 inch) HD+ Display,50MP Rear Camera | 8MP Front Camera,7000 mAh Battery,1 Year Warranty on Handset and 6 Months Warranty on Accessories
"POCO X8 Pro (Green, 256 GB)","₹37,999",4.4,12 GB RAM | 256 GB ROM,16.74 cm (6.59 inch) Full HD+ AMOLED Display,50MP + 8MP | 20MP Front Camera,6500 mAh Lithium-Ion Polymer With Silicon Carbon Technology Battery,1 Year Manufacturer Warranty for Phone and 6 Months Warranty for In the Box Accessories
"REDMI 15A (Amaze Purple, 128 GB)","₹17,999",3.7,6 GB RAM | 128 GB ROM | Expandable Upto 2 TB,17.53 cm (6.9 inch) Display,32MP Rear Camera | 8MP Front Camera,6300 mAh Lithium-Ion Polymer Battery,1 Year Manufacturer Warranty for Phone and 6 Months Warranty for In the Box Accessories
"vivo X200T (Stellar Black, 512 GB)","₹69,999",4.6,12 GB RAM | 512 GB ROM,16.94 cm (6.67 inch) Full HD+ AMOLED Display,50MP + 50MP + 50MP | 32MP Front Camera,6200 mAh Battery,1 Year Warranty on Handset and 6 Months Warranty on Accessories
"Samsung Galaxy A17 5G (Blue, 256 GB)","₹24,999",4.3,8 GB RAM | 256 GB ROM | Expandable Upto 2 TB,17.02 cm (6.7 inch) Full HD+ Display,50MP + 5MP + 2MP | 13MP Front Camera,5000 mAh Battery,1 Year Manufacturer Warranty for Device and 6 Months for In-Box Accessories
"realme 15 Pro 5G (Flowing Silver, 256 GB)","₹29,999",4.4,12 GB RAM | 256 GB ROM,17.27 cm (6.8 inch) Display,50MP + 50MP | 50MP Front Camera,7000 mAh Battery,1 Year Manufacturer Warranty for Device and 6 Months Manufacturer Warranty for Inbox Accessories
"POCO C85 5G (Mystic Purple, 128 GB)","₹14,499",3.8,4 GB RAM | 128 GB ROM | Expandable Upto 1 TB,17.53 cm (6.9 inch) HD+ Display,50MP Rear Camera | 8MP Front Camera,6000 mAh Lithium-Ion Polymer Battery,1 Year Manufacturer Warranty for Phone and 6 Months Warranty for In the Box Accessories
"Infinix SMART 20 (Sunlike Orange, 64 GB)","₹12,499",4,4 GB RAM | 64 GB ROM,17.22 cm (6.78 inch) HD+ Display,8MP Rear Camera | 8MP Front Camera,5200 mAh Battery,"1 year for Handset
6 months for Accessories"
"REDMI A7 Pro (Black, 64 GB)","₹12,499",3.8,4 GB RAM | 64 GB ROM | Expandable Upto 2 TB,17.53 cm (6.9 inch) HD+ Display,13MP Rear Camera | 8MP Front Camera,6300 mAh Lithium-Ion Battery,1 Year Manufacturer Warranty for Phone and 6 Months Warranty for In the Box Accessories
"realme P4 Lite 5G (Mosaic Blue, 64 GB)","₹15,499",4.3,4 GB RAM | 64 GB ROM,17.27 cm (6.8 inches) HD+ Display,13MP Rear Camera | 5MP Front Camera,7000 mAh lithium-ion polymer Battery,1 Year Manufacturer Warranty for Device and 6 Months Manufacturer Warranty for Inbox Accessories
LAVA Hero Shakti 2026,₹989,4.2,4 MB RAM | 4 MB ROM | Expandable Upto 32 GB,4.57 cm (1.8 inch) HQVGA Display,0MP | 0MP Front Camera,1000 mAh Battery,Brand Warranty of 1 Year Available for Mobile and 6 Months for Battery and Accessories
"POCO X8 Pro (Black, 256 GB)","₹37,999",4.4,12 GB RAM | 256 GB ROM,16.74 cm (6.59 inch) Full HD+ AMOLED Display,50MP + 8MP | 20MP Front Camera,6500 mAh Lithium-Ion Polymer With Silicon Carbon Technology Battery,1 Year Manufacturer Warranty for Phone and 6 Months Warranty for In the Box Accessories
"POCO X8 Pro (Iron man edition, 256 GB)","₹39,999",4.4,12 GB RAM | 256 GB ROM,16.74 cm (6.59 inch) Full HD+ AMOLED Display,50MP + 8MP | 20MP Front Camera,6500 mAh Lithium-Ion Polymer With Silicon Carbon Technology Battery,1 Year Manufacturer Warranty for Phone and 6 Months Warranty for In the Box Accessories
"realme P4R 5G (Lavender Glare, 256 GB)","₹22,999",4.6,6 GB RAM | 256 GB ROM,17.27 cm (6.8 inch) HD+ Display,50MP Rear Camera | 8MP Front Camera,8000 mAh Lithium-ion polymer Battery,1 Year Manufacturer Warranty for Device and 6 Months Manufacturer Warranty for Inbox Accessories
"Samsung Galaxy S25 Ultra 5G (Titanium Whitesilver, 512 GB)","₹1,04,999",4.6,12 GB RAM | 512 GB ROM,17.53 cm (6.9 inch) Quad HD+ Display,200MP + 50MP + 50MP + 10MP | 12MP Front Camera,5000 mAh Battery,1 Year Manufacturer Warranty for Device and 6 Months for In-Box Accessories
"REDMI 15C 5G (Moonlight Blue, 128 GB)","₹19,505",4.3,8 GB RAM | 128 GB ROM,17.53 cm (6.9 inch) Display,50MP Rear Camera,6000 mAh Battery,
"HMD 105 Dual Sim Keypad Phone with Built-in UPI App, Wireless FM Radio","₹1,498",3.9,4 MB RAM | 4 MB ROM | Expandable Upto 32 GB,5.08 cm (2 inch) Display,1000 mAh Battery,SC6531E Processor,
"REDMI 15A (Amaze Purple, 128 GB)","₹15,999",3.9,4 GB RAM | 128 GB ROM | Expandable Upto 2 TB,17.53 cm (6.9 inch) Display,32MP Rear Camera | 8MP Front Camera,6300 mAh Lithium-Ion Polymer Battery,1 Year Manufacturer Warranty for Phone and 6 Months Warranty for In the Box Accessories
"REDMI A7 (Black, 64 GB)","₹11,499",4,3 GB RAM | 64 GB ROM | Expandable Upto 2 TB,17.48 cm (6.88 $inch) HD+ Display,13MP Rear Camera | 8MP Front Camera,5200 mAh Lithium-Ion Battery,1 Year Manufacturer Warranty for Phone and 6 Months Warranty for In the Box Accessories
itel it5330 | 2.8 inch Big Display | 1900 mAh Battery | Kingvoice,"₹1,579",4.1,32 MB RAM | 32 MB ROM | Expandable Upto 32 GB,7.11 cm (2.8 inch) Quarter QVGA Display,0.8MP + 0MP | 0MP Front Camera,1900 mAh Battery,12+1 month manufacturer warranty
"vivo Y11 5G (Mystic Blue, 64 GB)","₹14,999",4.1,4 GB RAM | 64 GB ROM | Expandable Upto 2 TB,17.12 cm (6.74 inch) Full HD Display,13MP + 0.08MP | 5MP Front Camera,6500 mAh Li-ion Battery,1 Year Manufacturer Warranty for Device and 6 Months Manufacturer Warranty for Inbox Accessories
"POCO X8 Pro (Black, 256 GB)","₹34,999",4.3,8 GB RAM | 256 GB ROM,16.74 cm (6.59 inch) Full HD+ AMOLED Display,50MP + 8MP | 20MP Front Camera,6500 mAh Lithium-Ion Polymer With Silicon Carbon Technology Battery,1 Year Manufacturer Warranty for Phone and 6 Months Warranty for In the Box Accessories
"POCO X8 Pro (White, 256 GB)","₹37,999",4.4,12 GB RAM | 256 GB ROM,16.74 cm (6.59 inch) Full HD+ AMOLED Display,50MP + 8MP | 20MP Front Camera,6500 mAh Lithium-Ion Polymer With Silicon Carbon Technology Battery,1 Year Manufacturer Warranty for Phone and 6 Months Warranty for In the Box Accessories
"IQOO 15 5G (Alpha, 256 GB)","₹69,300",4.7,12 GB RAM | 256 GB ROM,17.4 cm (6.85 inch) Display,50MP Rear Camera,7000 mAh Battery,
"IQOO 15 5G (Legend, 256 GB)","₹69,980",4.7,12 GB RAM | 256 GB ROM,17.4 cm (6.85 inch) Display,50MP Rear Camera,7000 mAh Battery,
"MOTOROLA g37 power (PANTONE Nautical Blue, 128 GB)","₹21,999",4.1,8 GB RAM | 128 GB ROM | Expandable Upto 1 TB,16.92 cm (6.66 inch) HD+ Display,50MP Rear Camera | 8MP Front Camera,7000 mAh Battery,1 Year on Handset and 6 Months on Accessories
"POCO M8 (Glacial Blue, 128 GB)","₹20,000",4.4,8 GB RAM | 128 GB ROM | Expandable Upto 1 TB,17.2 cm (6.77 inch) Full HD+ Display,50MP Rear Camera | 20MP Front Camera,5520 mAh Battery,
"MOTOROLA Edge 70 Fusion (Pantone BLUE SURF, 512 GB)","₹36,999",4.3,12 GB RAM | 512 GB ROM,17.27 cm (6.8 inch) Super HD Display,50MP + 13MP | 32MP Front Camera,7000 mAh Battery,1 Year on Handset and 6 Months on Accessories
"Samsung Galaxy A17 5G (Black, 128 GB)","₹21,997",4.3,8 GB RAM | 128 GB ROM | Expandable Upto 2 TB,17.02 cm (6.7 inch) Full HD+ Display,50MP + 5MP + 2MP | 13MP Front Camera,5000 mAh Battery,1 Year Manufacturer Warranty for Device and 6 Months for In-Box Accessories
"realme GT 7T (Racing Yellow, 256 GB)","₹30,999",4.3,8 GB RAM | 256 GB ROM,17.27 cm (6.8 inch) Full HD+ AMOLED Display,50MP + 8MP | 32MP Front Camera,7000 mAh Li-ion Battery,standard 1-year warranty for the device  and a 6-month warranty for accessories
"REDMI A7 (Blue, 64 GB)","₹11,499",4,3 GB RAM | 64 GB ROM | Expandable Upto 2 TB,17.48 cm (6.88 $inch) HD+ Display,13MP Rear Camera | 8MP Front Camera,5200 mAh Lithium-Ion Battery,1 Year Manufacturer Warranty for Phone and 6 Months Warranty for In the Box Accessories
"Samsung Galaxy A17 5G (Blue, 128 GB)","₹20,290",4.3,8 GB RAM | 128 GB ROM | Expandable Upto 2 TB,17.02 cm (6.7 inch) Full HD+ Display,50MP + 5MP + 2MP | 13MP Front Camera,5000 mAh Battery,1 Year Manufacturer Warranty for Device and 6 Months for In-Box Accessories
"OPPO K13 Turbo 5G (Purple Phantom, 128 GB)","₹26,294",4.4,8 GB RAM | 128 GB ROM,17.27 cm (6.8 inch) Full HD+ Display,50MP + 2MP | 16MP Front Camera,7000 mAh Battery,1 Year Manufacturer Warranty for Device and 6 Months Manufacturer Warranty for Inbox Accessories
Motorola Moto A10E,"₹1,261",4,4 MB RAM | 2 MB ROM | Expandable Upto 32 GB,4.57 cm (1.8 inch) HVGA Display,0MP | 0MP Front Camera,800 mAh Battery,2 Years Domestic Replacement Warranty
"OPPO K13 Turbo Pro 5G (Silver Knight, 256 GB)","₹30,999",4.4,8 GB RAM | 256 GB ROM,17.27 cm (6.8 inch) Full HD+ Display,50MP + 2MP | 16MP Front Camera,7000 mAh Battery,1 Year Manufacturer Warranty for Device and 6 Months Manufacturer Warranty for Inbox Accessories
"IQOO Z11x 5G (Prismatic Green, 128 GB)","₹24,990",4.4,8 GB RAM | 128 GB ROM,17.02 cm (6.7 inch) Display,50MP Rear Camera,7200 mAh Battery,
"Apple iPhone 17e (White, 256 GB)","₹62,900",4.6,256 GB ROM,15.49 cm (6.1 inch) Super Retina XDR Display,"48MP Rear Camera | A19 chip, 6 Core",1 year warranty for phone and 1 year warranty for in Box Accessories.,
"Samsung M36 5G (Orange Haze / Orange, 128 GB)","₹22,999",4.1,8 GB RAM | 128 GB ROM,17.02 cm (6.7 inch) Display,50MP Rear Camera,5000 mAh Battery,
"vivo Y11 5G (Cosmic Gold, 64 GB)","₹14,999",4.1,4 GB RAM | 64 GB ROM | Expandable Upto 2 TB,17.12 cm (6.74 inch) Full HD Display,13MP + 0.08MP | 5MP Front Camera,6500 mAh Li-ion Battery,1 Year Manufacturer Warranty for Device and 6 Months Manufacturer Warranty for Inbox Accessories
"OPPO K13 Turbo Pro 5G (Silver Knight, 256 GB)","₹32,999",4.4,12 GB RAM | 256 GB ROM,17.27 cm (6.8 inch) Full HD+ Display,50MP + 2MP | 16MP Front Camera,7000 mAh Battery,1 Year Manufacturer Warranty for Device and 6 Months Manufacturer Warranty for Inbox Accessories
G'Five A7-C,₹558,3.5,32 MB RAM | 32 MB ROM,4.57 cm (1.8 inch) VGA Display,0.3MP + 1MP,1150 mAh Battery,3 Month Manufacturer Warranty
"MOTOROLA Edge 70 Fusion (Pantone SILHOUETTE, 256 GB)","₹33,999",4.3,12 GB RAM | 256 GB ROM,17.27 cm (6.8 inch) Super HD Display,50MP + 13MP | 32MP Front Camera,7000 mAh Battery,1 Year on Handset and 6 Months on Accessories
"OPPO K13 Turbo 5G (Purple Phantom, 256 GB)","₹28,243",4.4,8 GB RAM | 256 GB ROM,17.27 cm (6.8 inch) Full HD+ Display,50MP + 2MP | 16MP Front Camera,7000 mAh Battery,1 Year Manufacturer Warranty for Device and 6 Months Manufacturer Warranty for Inbox Accessories
"OPPO K13 Turbo 5G (White Knight, 256 GB)","₹28,243",4.4,8 GB RAM | 256 GB ROM,17.27 cm (6.8 inch) Full HD+ Display,50MP + 2MP | 16MP Front Camera,7000 mAh Battery,1 Year Manufacturer Warranty for Device and 6 Months Manufacturer Warranty for Inbox Accessories
Gamma M25,"₹1,722",4.1,32 MB RAM | 32 MB ROM,4.5 cm (1.77 inch) Display,2MP Rear Camera,1000 mAh Battery,
G'Five U 339,₹649,3.8,32 MB RAM | 32 MB ROM,4.57 cm (1.8 inch) Display,0.3MP Rear Camera,3000 mAh Battery,
"MOTOROLA g67 power 5G Snapdragon (Pantone Cilantro, 128 GB)","₹22,999",4.3,8 GB RAM | 128 GB ROM,17.02 cm (6.7 inch) Full HD+ Display,50MP + 8MP | 32MP Front Camera,7000 mAh Battery,1 Year Warranty on Handset and 6 Months Warranty on Accessories
Motorola Moto A10E,"₹1,274",4,4 MB RAM | 2 MB ROM | Expandable Upto 32 GB,4.57 cm (1.8 inch) HVGA Display,0MP | 0MP Front Camera,800 mAh Battery,2 Years Domestic Replacement Warranty
Kechaoda A26,₹979,4,32 MB RAM | 32 MB ROM | Expandable Upto 16 GB,1.68 cm (0.66 inch) FWVGA Display,800 mAh Battery,3 Months Company Warranty,
"Ai+ Nova 2 Ultra 5G (Red, 128 GB)","₹17,999",4.1,6 GB RAM | 128 GB ROM | Expandable Upto 1 TB,17.22 cm (6.78 inch) Full HD+ AMOLED Display,50MP + 8MP | 13MP Front Camera,6000 mAh Li-polymer Battery,1 Year Warranty on Handset and 6 Months Warranty on the Inbox Accessories
"Motorola g04s (Satin Blue, 64 GB)","₹9,999",4.2,4 GB RAM | 64 GB ROM | Expandable Upto 1 TB,16.76 cm (6.6 inch) HD+ Display,50MP Rear Camera | 5MP Front Camera,5000 mAh Battery,1 Year on Handset and 6 Months on Accessories
"Infinix SMART 20 (Sunlike Orange, 64 GB)","₹12,499",4,4 GB RAM | 64 GB ROM,17.22 cm (6.78 inch) HD+ Display,8MP Rear Camera | 8MP Front Camera,5200 mAh Battery,"1 year for Handset
6 months for Accessories"
"REDMI A7 Pro (Black, 64 GB)","₹12,499",3.8,4 GB RAM | 64 GB ROM | Expandable Upto 2 TB,17.53 cm (6.9 inch) HD+ Display,13MP Rear Camera | 8MP Front Camera,6300 mAh Lithium-Ion Battery,1 Year Manufacturer Warranty for Phone and 6 Months Warranty for In the Box Accessories
"Ai+ Nova 2 Ultra 5G (Red, 128 GB)","₹17,999",4.1,6 GB RAM | 128 GB ROM | Expandable Upto 1 TB,17.22 cm (6.78 inch) Full HD+ AMOLED Display,50MP + 8MP | 13MP Front Camera,6000 mAh Li-polymer Battery,1 Year Warranty on Handset and 6 Months Warranty on the Inbox Accessories
Kechaoda A26,₹979,4,32 MB RAM | 32 MB ROM | Expandable Upto 16 GB,1.68 cm (0.66 inch) FWVGA Display,800 mAh Battery,3 Months Company Warranty,
"MOTOROLA g57 power 5G Snapdragon (Pantone Regatta, 128 GB)","₹20,999",4.4,8 GB RAM | 128 GB ROM,17.07 cm (6.72 inch) Full HD+ Display,50MP + 8MP | 8MP Front Camera,7000 mAh Battery,1 Year Warranty on Handset and 6 Months Warranty on Accessories
"Infinix Hot 60 5G+ (Shadow Blue, 128 GB)","₹17,999",4.3,6 GB RAM | 128 GB ROM,17.02 cm (6.7 inch) HD+ Display,50MP Rear Camera | 8MP Front Camera,5200 mAh Battery,1 Year Manufacturer Warranty for Device and 6 Months Manufacturer Warranty for Inbox Accessories
"REDMI A7 (Black, 64 GB)","₹11,499",4,3 GB RAM | 64 GB ROM | Expandable Upto 2 TB,17.48 cm (6.88 $inch) HD+ Display,13MP Rear Camera | 8MP Front Camera,5200 mAh Lithium-Ion Battery,1 Year Manufacturer Warranty for Phone and 6 Months Warranty for In the Box Accessories
"REDMI 15A (Amaze Purple, 128 GB)","₹15,999",3.9,4 GB RAM | 128 GB ROM | Expandable Upto 2 TB,17.53 cm (6.9 inch) Display,32MP Rear Camera | 8MP Front Camera,6300 mAh Lithium-Ion Polymer Battery,1 Year Manufacturer Warranty for Phone and 6 Months Warranty for In the Box Accessories
itel Ace2 Power,"₹1,399",4.1,32 MB RAM | 32 MB ROM | Expandable Upto 32 GB,4.57 cm (1.8 inch) Display,0.3MP Rear Camera,2500 mAh Battery,
"Infinix Hot 60 5G+ (Caramel Glow, 128 GB)","₹17,999",4.3,6 GB RAM | 128 GB ROM,17.02 cm (6.7 inch) HD+ Display,50MP Rear Camera | 8MP Front Camera,5200 mAh Battery,1 Year Manufacturer Warranty for Device and 6 Months Manufacturer Warranty for Inbox Accessories
"REDMI A7 (Blue, 64 GB)","₹11,499",4,3 GB RAM | 64 GB ROM | Expandable Upto 2 TB,17.48 cm (6.88 $inch) HD+ Display,13MP Rear Camera | 8MP Front Camera,5200 mAh Lithium-Ion Battery,1 Year Manufacturer Warranty for Phone and 6 Months Warranty for In the Box Accessories
"REDMI 15A (Ace Black, 128 GB)","₹15,999",3.9,4 GB RAM | 128 GB ROM | Expandable Upto 2 TB,17.53 cm (6.9 inch) Display,32MP Rear Camera | 8MP Front Camera,6300 mAh Lithium-Ion Polymer Battery,1 Year Manufacturer Warranty for Phone and 6 Months Warranty for In the Box Accessories
itel Ace2 Power,"₹1,399",4.1,32 MB RAM | 32 MB ROM | Expandable Upto 32 GB,4.57 cm (1.8 inch) Display,0.3MP Rear Camera | 0MP Front Camera,2500 mAh Battery,
"Nokia 106 Dual Sim Keypad Phone, Built-in UPI Payments App, MP3 Player","₹1,614",3.6,32 MB RAM | 32 MB ROM,4.5 cm (1.77 inch) Display,0MP | 0MP Front Camera,1000 mAh Battery,
Kechaoda A26,₹939,4,32 MB RAM | 32 MB ROM | Expandable Upto 16 GB,1.68 cm (0.66 inch) QVGA Display,0MP | 0MP Front Camera,800 mAh Battery,3 Months Company Warranty
"IQOO Z11x 5G (Prismatic Green, 128 GB)","₹22,963",4.3,6 GB RAM | 128 GB ROM,17.02 cm (6.7 inch) Display,50MP Rear Camera,7200 mAh Battery,
"REDMI 15A (Amaze Purple, 64 GB)","₹14,999",3.9,4 GB RAM | 64 GB ROM | Expandable Upto 2 TB,17.53 cm (6.9 inch) Display,32MP Rear Camera | 8MP Front Camera,6300 mAh Lithium-Ion Polymer Battery,1 Year Manufacturer Warranty for Phone and 6 Months Warranty for In the Box Accessories
"REDMI 15A (Ace Black, 128 GB)","₹17,999",3.7,6 GB RAM | 128 GB ROM | Expandable Upto 2 TB,17.53 cm (6.9 inch) Display,32MP Rear Camera | 8MP Front Camera,6300 mAh Lithium-Ion Polymer Battery,1 Year Manufacturer Warranty for Phone and 6 Months Warranty for In the Box Accessories
HOTLINE TIGER,₹699,3.7,32 MB RAM | 32 MB ROM,4.5 cm (1.77 inch) Display,1.3MP Rear Camera,2500 mAh Battery,
"REDMI 15 5G (Sandy Purple, 256 GB)","₹24,923",4.3,8 GB RAM | 256 GB ROM,17.53 cm (6.9 inch) Display,50MP Rear Camera,7000 mAh Battery,
"REDMI 15A (Amaze Purple, 128 GB)","₹17,999",3.7,6 GB RAM | 128 GB ROM | Expandable Upto 2 TB,17.53 cm (6.9 inch) Display,32MP Rear Camera | 8MP Front Camera,6300 mAh Lithium-Ion Polymer Battery,1 Year Manufacturer Warranty for Phone and 6 Months Warranty for In the Box Accessories
"REDMI 15A (Ace Black, 64 GB)","₹14,999",3.9,4 GB RAM | 64 GB ROM | Expandable Upto 2 TB,17.53 cm (6.9 inch) Display,32MP Rear Camera | 8MP Front Camera,6300 mAh Lithium-Ion Polymer Battery,1 Year Manufacturer Warranty for Phone and 6 Months Warranty for In the Box Accessories
"Samsung Galaxy A17 5G (Gray, 128 GB)","₹19,474",4.3,6 GB RAM | 128 GB ROM | Expandable Upto 2 TB,17.02 cm (6.7 inch) Full HD+ Display,50MP + 5MP + 2MP | 13MP Front Camera,5000 mAh Battery,1 Year Manufacturer Warranty for Device and 6 Months for In-Box Accessories
"Samsung Galaxy M56 5G (Black, 128 GB)","₹25,120",4.4,8 GB RAM | 128 GB ROM,17.02 cm (6.7 inch) Full HD+ E3 Super AMOLED Display,50MP + 50MP + 8MP | 12MP + 2MP Dual Front Camera,5000 mAh Battery,one-year warranty covering the device itself
"vivo T5 Pro 5G (Cosmic Black, 256 GB)","₹36,999",4.5,8 GB RAM | 256 GB ROM,17.35 cm (6.83 inch) Full HD+ AMOLED Display,50MP + 2MP | 32MP Front Camera,9020 mAh Battery,1 Year Warranty
"MOTOROLA edge 70 pro (Marble - PANTONE Lily white (white), 256 GB)","₹39,999",4.4,8 GB RAM | 256 GB ROM,17.27 cm (6.8 inch) Full HD+ Super AMOLED Display,50MP + 50MP | 50MP Front Camera,6500 mAh Silicon-Carbon Battery,1 Year on Handset and 6 Months on Accessories
"Infinix SMART 20 (Sunlike Orange, 64 GB)","₹12,499",4,4 GB RAM | 64 GB ROM,17.22 cm (6.78 inch) HD+ Display,8MP Rear Camera | 8MP Front Camera,5200 mAh Battery,"1 year for Handset
6 months for Accessories"
"REDMI A7 Pro (Black, 64 GB)","₹12,499",3.8,4 GB RAM | 64 GB ROM | Expandable Upto 2 TB,17.53 cm (6.9 inch) HD+ Display,13MP Rear Camera | 8MP Front Camera,6300 mAh Lithium-Ion Battery,1 Year Manufacturer Warranty for Phone and 6 Months Warranty for In the Box Accessories
"MOTOROLA Edge 70 Fusion (Pantone SILHOUETTE, 256 GB)","₹31,999",4.4,8 GB RAM | 256 GB ROM,17.27 cm (6.8 inch) Super HD Display,50MP + 13MP | 32MP Front Camera,7000 mAh Battery,1 Year on Handset and 6 Months on Accessories
"Google Pixel 10 (Indigo, 256 GB)","₹74,999",4.5,12 GB RAM | 256 GB ROM,16.0 cm (6.3 inch) Full HD+ Display,48MP + 13MP + 10.8MP | 10.5MP Front Camera,4970 mAh Battery,1 Year Domestic Warranty
"POCO X8 Pro (Black, 256 GB)","₹37,999",4.4,12 GB RAM | 256 GB ROM,16.74 cm (6.59 inch) Full HD+ AMOLED Display,50MP + 8MP | 20MP Front Camera,6500 mAh Lithium-Ion Polymer With Silicon Carbon Technology Battery,1 Year Manufacturer Warranty for Phone and 6 Months Warranty for In the Box Accessories
"POCO X8 Pro (Iron man edition, 256 GB)","₹39,999",4.4,12 GB RAM | 256 GB ROM,16.74 cm (6.59 inch) Full HD+ AMOLED Display,50MP + 8MP | 20MP Front Camera,6500 mAh Lithium-Ion Polymer With Silicon Carbon Technology Battery,1 Year Manufacturer Warranty for Phone and 6 Months Warranty for In the Box Accessories
"MOTOROLA Edge 70 Pro+ (Sculpted Wood PANTONE Chicory coffee (Brown), 256 GB)","₹47,999",4.3,12 GB RAM | 256 GB ROM,17.27 cm (6.8 inch) Full HD+ Super AMOLED Display,50MP + 50MP + 50MP | 50MP Front Camera,6500 mAh Silicon-Carbon Battery,1 Year on Handset and 6 Months on Accessories
"MOTOROLA g57 power 5G Snapdragon (Pantone Corsair, 128 GB)","₹20,999",4.4,8 GB RAM | 128 GB ROM,17.07 cm (6.72 inch) Full HD+ Display,50MP + 8MP | 8MP Front Camera,7000 mAh Battery,1 Year Warranty on Handset and 6 Months Warranty on Accessories
"POCO X7 5G (Yellow, 128 GB)","₹17,999",4.3,8 GB RAM | 128 GB ROM,16.94 cm (6.67 inch) Display,50MP + 8MP + 2MP | 20MP Front Camera,5500 mAh Battery,1 Year Manufacturer Warranty for Phone and 6 Months Warranty for In the Box Accessories
"POCO C85x (Elite Black, 64 GB)","₹12,999",4.1,4 GB RAM | 64 GB ROM | Expandable Upto 2 TB,17.53 cm (6.9 inch) HD+ Display,32MP Rear Camera,6300 mAh Lithium-Ion Polymer Battery,1 Year Manufacturer Warranty for Phone and 6 Months Warranty for In the Box Accessories
"REDMI 15A (Amaze Purple, 128 GB)","₹15,999",3.9,4 GB RAM | 128 GB ROM | Expandable Upto 2 TB,17.53 cm (6.9 inch) Display,32MP Rear Camera | 8MP Front Camera,6300 mAh Lithium-Ion Polymer Battery,1 Year Manufacturer Warranty for Phone and 6 Months Warranty for In the Box Accessories
"REDMI A7 (Black, 64 GB)","₹11,499",4,3 GB RAM | 64 GB ROM | Expandable Upto 2 TB,17.48 cm (6.88 $inch) HD+ Display,13MP Rear Camera | 8MP Front Camera,5200 mAh Lithium-Ion Battery,1 Year Manufacturer Warranty for Phone and 6 Months Warranty for In the Box Accessories
Kechaoda A26,₹979,4,32 MB RAM | 32 MB ROM | Expandable Upto 16 GB,1.68 cm (0.66 inch) Display,800 mAh Battery,3 Months Company Warranty,
"IQOO Z11x 5G (Titan Black, 128 GB)","₹22,959",4.3,6 GB RAM | 128 GB ROM,17.02 cm (6.7 inch) Display,50MP Rear Camera,7200 mAh Battery,
"POCO X8 Pro (Black, 256 GB)","₹34,999",4.3,8 GB RAM | 256 GB ROM,16.74 cm (6.59 inch) Full HD+ AMOLED Display,50MP + 8MP | 20MP Front Camera,6500 mAh Lithium-Ion Polymer With Silicon Carbon Technology Battery,1 Year Manufacturer Warranty for Phone and 6 Months Warranty for In the Box Accessories
"POCO X8 Pro (White, 256 GB)","₹37,999",4.4,12 GB RAM | 256 GB ROM,16.74 cm (6.59 inch) Full HD+ AMOLED Display,50MP + 8MP | 20MP Front Camera,6500 mAh Lithium-Ion Polymer With Silicon Carbon Technology Battery,1 Year Manufacturer Warranty for Phone and 6 Months Warranty for In the Box Accessories
"OPPO K13 Turbo 5G (Midnight Maverick, 128 GB)","₹26,294",4.4,8 GB RAM | 128 GB ROM,17.27 cm (6.8 inch) Full HD+ Display,50MP + 2MP | 16MP Front Camera,7000 mAh Battery,1 Year Manufacturer Warranty for Device and 6 Months Manufacturer Warranty for Inbox Accessories
"Samsung Galaxy M17e 5G (Blitz Blue, 128 GB)","₹15,490",4,6 GB RAM | 128 GB ROM,17.02 cm (6.7 inch) HD+ Display,50MP Rear Camera | 8MP Front Camera,6000 mAh Battery,1 year manufacturer warranty for device and 6 months manufacturer warranty for in-box accessories including batteries from the date of purchase
"OnePlus Nord 6 (Pitch Black, 256 GB)","₹44,751",4.5,8 GB RAM | 256 GB ROM | Expandable Upto 256 GB,17.22 cm (6.78 inch) Full HD+ Display,50MP Rear Camera,9000 mAh Battery,"one-year limited warranty starting from the date of delivery, covering manufacturing defects in materials and workmanship"
itel Power 450 | 2.4 inch Big Display | 2500 mAh Battery | Type C Charging,"₹1,495",4.1,32 MB RAM | 32 MB ROM | Expandable Upto 32 GB,6.1 cm (2.4 inch) Display,0.8MP Rear Camera,2500 mAh Battery,
"REDMI A7 (Blue, 64 GB)","₹11,499",4,3 GB RAM | 64 GB ROM | Expandable Upto 2 TB,17.48 cm (6.88 $inch) HD+ Display,13MP Rear Camera | 8MP Front Camera,5200 mAh Lithium-Ion Battery,1 Year Manufacturer Warranty for Phone and 6 Months Warranty for In the Box Accessories
"REDMI 15A (Ace Black, 128 GB)","₹15,999",3.9,4 GB RAM | 128 GB ROM | Expandable Upto 2 TB,17.53 cm (6.9 inch) Display,32MP Rear Camera | 8MP Front Camera,6300 mAh Lithium-Ion Polymer Battery,1 Year Manufacturer Warranty for Phone and 6 Months Warranty for In the Box Accessories
LAVA A1 Josh BOL,"₹1,099",4.1,4 MB RAM | 4 MB ROM | Expandable Upto 32 GB,4.5 cm (1.77 inch) Quarter QVGA Display,0MP | 0MP Front Camera,1000 mAh Battery,1 Year Manufacturer Replacement Guarantee for Phone and 6 months Replacement for Accessories in the Box
"Samsung M36 5G (Light Green, 128 GB)","₹18,510",4.3,6 GB RAM | 128 GB ROM,17.02 cm (6.7 inch) Display,50MP Rear Camera,5000 mAh Battery,
"Infinix SMART 20 (Sunlike Orange, 64 GB)","₹12,499",4,4 GB RAM | 64 GB ROM,17.22 cm (6.78 inch) HD+ Display,8MP Rear Camera | 8MP Front Camera,5200 mAh Battery,"1 year for Handset
6 months for Accessories"
"REDMI A7 Pro (Black, 64 GB)","₹12,499",3.8,4 GB RAM | 64 GB ROM | Expandable Upto 2 TB,17.53 cm (6.9 inch) HD+ Display,13MP Rear Camera | 8MP Front Camera,6300 mAh Lithium-Ion Battery,1 Year Manufacturer Warranty for Phone and 6 Months Warranty for In the Box Accessories
"realme GT 7T (IceSense Blue, 512 GB)","₹33,999",4.4,12 GB RAM | 512 GB ROM,17.27 cm (6.8 inch) Full HD+ AMOLED Display,50MP + 8MP | 32MP Front Camera,7000 mAh Li-ion Battery,standard 1-year warranty for the device  and a 6-month warranty for accessories
"Nokia 220 4G Dual SIM Keypad Phone, Built-in UPI App, USB Type C","₹3,699",4,64 MB RAM | 64 MB ROM,7.11 cm (2.8 inch) Display,1450 mAh Battery,1YR BRAND WARRANTY ON HANDSET & 6 MONTHS WARRANTY ON ACCESSORIES,
"Infinix SMART 10 (Iris Blue, 64 GB)","₹10,999",4.3,4 GB RAM | 64 GB ROM,16.94 cm (6.67 inch) HD+ Display,8MP Rear Camera | 8MP Front Camera,5000 mAh Battery,1 Year Manufacturer Warranty for Device and 6 Months Manufacturer Warranty for Inbox Accessories
"vivo Y05 (Mystic Blue, 64 GB)","₹12,999",3.6,4 GB RAM | 64 GB ROM | Expandable Upto 2 TB,17.12 cm (6.74 inch) HD+ Display,8MP Rear Camera | 5MP Front Camera,6500 mAh Li-ion Battery,1 Year Warranty
"POCO X8 Pro (Black, 256 GB)","₹37,999",4.4,12 GB RAM | 256 GB ROM,16.74 cm (6.59 inch) Full HD+ AMOLED Display,50MP + 8MP | 20MP Front Camera,6500 mAh Lithium-Ion Polymer With Silicon Carbon Technology Battery,1 Year Manufacturer Warranty for Phone and 6 Months Warranty for In the Box Accessories
"REDMI 15A (Amaze Purple, 128 GB)","₹15,999",3.9,4 GB RAM | 128 GB ROM | Expandable Upto 2 TB,17.53 cm (6.9 inch) Display,32MP Rear Camera | 8MP Front Camera,6300 mAh Lithium-Ion Polymer Battery,1 Year Manufacturer Warranty for Phone and 6 Months Warranty for In the Box Accessories
LAVA A3 Torch,"₹1,313",4.1,4 MB RAM | 32 MB ROM | Expandable Upto 32 GB,4.57 cm (1.8 inch) HVGA Display,0.3MP + 0MP | 0MP Front Camera,1750 mAh Battery,1 Year Handset Domestic warranty
Kechaoda K115,"₹1,049",4.1,32 MB RAM | 32 GB ROM | Expandable Upto 32 MB,3.66 cm (1.44 inch) NA Display,0.3MP + 0MP | 0MP Front Camera,850 mAh Battery,3 Months Company Warranty
"REDMI A7 (Black, 64 GB)","₹11,499",4,3 GB RAM | 64 GB ROM | Expandable Upto 2 TB,17.48 cm (6.88 $inch) HD+ Display,13MP Rear Camera | 8MP Front Camera,5200 mAh Lithium-Ion Battery,1 Year Manufacturer Warranty for Phone and 6 Months Warranty for In the Box Accessories
"POCO X8 Pro (Iron man edition, 256 GB)","₹39,999",4.4,12 GB RAM | 256 GB ROM,16.74 cm (6.59 inch) Full HD+ AMOLED Display,50MP + 8MP | 20MP Front Camera,6500 mAh Lithium-Ion Polymer With Silicon Carbon Technology Battery,1 Year Manufacturer Warranty for Phone and 6 Months Warranty for In the Box Accessories
"Nothing Phone (4a) (White, 256 GB)","₹40,999",4.5,12 GB RAM | 256 GB ROM,17.22 cm (6.78 inch) Full HD+ AMOLED Display,50MP + 50MP + 8MP | 32MP Front Camera,5400 mAh Lithium ion Battery,1 Year Manufacturing Warranty
Micromax X725,"₹1,494",3.8,32 MB RAM | 32 MB ROM,6.1 cm (2.4 inch) Display,0.3MP Rear Camera,1450 mAh Battery,
"REDMI 15C 5G (Midnight Black, 128 GB)","₹19,577",4.3,8 GB RAM | 128 GB ROM,17.53 cm (6.9 inch) Display,50MP Rear Camera,6000 mAh Battery,
Kechaoda A26_rose gold,₹919,3.9,32 MB RAM | 16 GB ROM | Expandable Upto 32 MB,1.68 cm (0.66 inch) NA Display,0MP | 0MP Front Camera,800 mAh Battery,3 Months Company Warranty
"POCO X8 Pro (Black, 256 GB)","₹34,999",4.3,8 GB RAM | 256 GB ROM,16.74 cm (6.59 inch) Full HD+ AMOLED Display,50MP + 8MP | 20MP Front Camera,6500 mAh Lithium-Ion Polymer With Silicon Carbon Technology Battery,1 Year Manufacturer Warranty for Phone and 6 Months Warranty for In the Box Accessories
"POCO X8 Pro (White, 256 GB)","₹37,999",4.4,12 GB RAM | 256 GB ROM,16.74 cm (6.59 inch) Full HD+ AMOLED Display,50MP + 8MP | 20MP Front Camera,6500 mAh Lithium-Ion Polymer With Silicon Carbon Technology Battery,1 Year Manufacturer Warranty for Phone and 6 Months Warranty for In the Box Accessories
"POCO X8 Pro (White, 256 GB)","₹37,999",4.4,12 GB RAM | 256 GB ROM,16.74 cm (6.59 inch) Full HD+ AMOLED Display,50MP + 8MP | 20MP Front Camera,6500 mAh Lithium-Ion Polymer With Silicon Carbon Technology Battery,1 Year Manufacturer Warranty for Phone and 6 Months Warranty for In the Box Accessories
itel it5027 Slim Keypad Mobile | 2.4 inch Display| Type C Charging,"₹1,149",4.1,4 MB RAM | 4 MB ROM,6.1 cm (2.4 inch) Display,0.3MP Rear Camera,1200 mAh Battery,
"REDMI A7 (Blue, 64 GB)","₹11,499",4,3 GB RAM | 64 GB ROM | Expandable Upto 2 TB,17.48 cm (6.88 $inch) HD+ Display,13MP Rear Camera | 8MP Front Camera,5200 mAh Lithium-Ion Battery,1 Year Manufacturer Warranty for Phone and 6 Months Warranty for In the Box Accessories
"POCO X8 Pro (Green, 256 GB)","₹34,999",4.3,8 GB RAM | 256 GB ROM,16.74 cm (6.59 inch) Full HD+ AMOLED Display,50MP + 8MP | 20MP Front Camera,6500 mAh Lithium-Ion Polymer With Silicon Carbon Technology Battery,1 Year Manufacturer Warranty for Phone and 6 Months Warranty for In the Box Accessories
"Samsung Galaxy F56 5G (Green, 128 GB)","₹25,899",4.4,8 GB RAM | 128 GB ROM,17.02 cm (6.7 inch) Full HD+ Display,50MP + 8MP + 2MP | 12MP Front Camera,5000 mAh Battery,1 Year Manufacturer Warranty for Device and 6 Months for In-Box Accessories
LAVA A3 King,"₹1,231",4.2,4 MB RAM | 32 MB ROM | Expandable Upto 32 GB,4.5 cm (1.77 inch) Display,0.3MP Front Camera,1750 mAh Battery,
"IQOO Z10 Lite 5G (Cyber Green, 64 GB)","₹15,789",4.2,4 GB RAM | 64 GB ROM,17.12 cm (6.74 inch) Display,50MP Rear Camera,6000 mAh Battery,
"POCO M8 (Carbon Black, 256 GB)","₹22,000",4.4,8 GB RAM | 256 GB ROM | Expandable Upto 1 TB,17.2 cm (6.77 inch) Full HD+ Display,50MP Rear Camera | 20MP Front Camera,5520 mAh Battery,
"Infinix SMART 20 (Sunlike Orange, 64 GB)","₹12,499",4,4 GB RAM | 64 GB ROM,17.22 cm (6.78 inch) HD+ Display,8MP Rear Camera | 8MP Front Camera,5200 mAh Battery,"1 year for Handset
6 months for Accessories"
"REDMI A7 Pro (Black, 64 GB)","₹12,499",3.8,4 GB RAM | 64 GB ROM | Expandable Upto 2 TB,17.53 cm (6.9 inch) HD+ Display,13MP Rear Camera | 8MP Front Camera,6300 mAh Lithium-Ion Battery,1 Year Manufacturer Warranty for Phone and 6 Months Warranty for In the Box Accessories
"MOTOROLA Edge 60 Fusion 5G (PANTONE Amazonite, 256 GB)","₹24,999",4.4,8 GB RAM | 256 GB ROM | Expandable Upto 1 TB,16.94 cm (6.67 inch) Quad HD+ Display,50MP + 13MP | 32MP Front Camera,5500 mAh Battery,68W Charger
"realme 15 Pro 5G (Velvet Green, 256 GB)","₹29,999",4.4,12 GB RAM | 256 GB ROM,17.27 cm (6.8 inch) Full HD+ AMOLED Display,50MP + 50MP | 50MP Front Camera,7000 mAh Battery,1 Year Manufacturer Warranty for Device and 6 Months Manufacturer Warranty for Inbox Accessories
"POCO X8 Pro (Black, 256 GB)","₹37,999",4.4,12 GB RAM | 256 GB ROM,16.74 cm (6.59 inch) Full HD+ AMOLED Display,50MP + 8MP | 20MP Front Camera,6500 mAh Lithium-Ion Polymer With Silicon Carbon Technology Battery,1 Year Manufacturer Warranty for Phone and 6 Months Warranty for In the Box Accessories
"POCO X8 Pro (Iron man edition, 256 GB)","₹39,999",4.4,12 GB RAM | 256 GB ROM,16.74 cm (6.59 inch) Full HD+ AMOLED Display,50MP + 8MP | 20MP Front Camera,6500 mAh Lithium-Ion Polymer With Silicon Carbon Technology Battery,1 Year Manufacturer Warranty for Phone and 6 Months Warranty for In the Box Accessories
"realme 15 Pro 5G (Velvet Green, 256 GB)","₹27,999",4.3,8 GB RAM | 256 GB ROM,17.27 cm (6.8 inch) Display,50MP + 50MP | 50MP Front Camera,7000 mAh Battery,1 Year Manufacturer Warranty for Device and 6 Months Manufacturer Warranty for Inbox Accessories
"realme 15 Pro 5G (Flowing Silver, 256 GB)","₹27,999",4.3,8 GB RAM | 256 GB ROM,17.27 cm (6.8 inch) Display,50MP + 50MP | 50MP Front Camera,7000 mAh Battery,1 Year Manufacturer Warranty for Device and 6 Months Manufacturer Warranty for Inbox Accessories
"realme 15 Pro 5G (Silk Purple, 256 GB)","₹29,999",4.4,12 GB RAM | 256 GB ROM,17.27 cm (6.8 inch) Full HD+ Display,50MP + 50MP | 50MP Front Camera,7000 mAh Battery,1 Year Manufacturer Warranty for Device and 6 Months Manufacturer Warranty for Inbox Accessories
"Infinix SMART 10 (Sleek Black, 64 GB)","₹10,999",4.3,4 GB RAM | 64 GB ROM,16.94 cm (6.67 inch) HD+ Display,8MP Rear Camera | 8MP Front Camera,5000 mAh Battery,1 Year Manufacturer Warranty for Device and 6 Months Manufacturer Warranty for Inbox Accessories
"REDMI 15A (Amaze Purple, 128 GB)","₹15,999",3.9,4 GB RAM | 128 GB ROM | Expandable Upto 2 TB,17.53 cm (6.9 inch) Display,32MP Rear Camera | 8MP Front Camera,6300 mAh Lithium-Ion Polymer Battery,1 Year Manufacturer Warranty for Phone and 6 Months Warranty for In the Box Accessories
"REDMI A7 (Black, 64 GB)","₹11,499",4,3 GB RAM | 64 GB ROM | Expandable Upto 2 TB,17.48 cm (6.88 $inch) HD+ Display,13MP Rear Camera | 8MP Front Camera,5200 mAh Lithium-Ion Battery,1 Year Manufacturer Warranty for Phone and 6 Months Warranty for In the Box Accessories
"OnePlus Nord CE6 Lite (Vivid Mint, 256 GB)","₹30,985",4.3,8 GB RAM | 256 GB ROM | Expandable Upto 256 GB,17.07 cm (6.72 inch) Full HD+ Display,50MP Rear Camera | 8MP Front Camera,7000 mAh Battery,one year of handset six month of accessories
"IQOO Z11x 5G (Titan Black, 256 GB)","₹29,253",4.4,8 GB RAM | 256 GB ROM,17.02 cm (6.7 inch) Display,50MP Rear Camera,7200 mAh Battery,
"POCO X8 Pro (Black, 256 GB)","₹34,999",4.3,8 GB RAM | 256 GB ROM,16.74 cm (6.59 inch) Full HD+ AMOLED Display,50MP + 8MP | 20MP Front Camera,6500 mAh Lithium-Ion Polymer With Silicon Carbon Technology Battery,1 Year Manufacturer Warranty for Phone and 6 Months Warranty for In the Box Accessories
"POCO X8 Pro (White, 256 GB)","₹37,999",4.4,12 GB RAM | 256 GB ROM,16.74 cm (6.59 inch) Full HD+ AMOLED Display,50MP + 8MP | 20MP Front Camera,6500 mAh Lithium-Ion Polymer With Silicon Carbon Technology Battery,1 Year Manufacturer Warranty for Phone and 6 Months Warranty for In the Box Accessories
"POCO C81x (Ice Blue, 64 GB)","₹10,100",4.1,3 GB RAM | 64 GB ROM | Expandable Upto 2 TB,17.48 cm (6.88 inch) Display,13MP Rear Camera | 8MP Front Camera,5200 mAh Lithium-Ion Polymer Battery,1 Year Manufacturer Warranty for Phone and 6 Months Warranty for In the Box Accessories
"LAVA Blaze (Glass Green, 64 GB)","₹9,699",4,3 GB RAM | 64 GB ROM | Expandable Upto 256 GB,16.51 cm (6.5 inch) HD+ Display,13MP Triple AI Camera + 8MP front camera | 8MP Front Camera,5000 mAh Lithium Polymer Battery,1 Year Handset Warranty and 6 Months Warranty on Accessories
"IQOO Z10 Lite 5G (Titanium Blue, 64 GB)","₹15,772",4.2,4 GB RAM | 64 GB ROM,17.12 cm (6.74 inch) Display,50MP Rear Camera,6000 mAh Battery,
"REDMI Note 15 SE 5G (Crimson Reserve, 256 GB)","₹25,999",4.4,8 GB RAM | 256 GB ROM | Expandable Upto 1 TB,17.2 cm (6.77 inch) Full HD+ AMOLED Display,50MP Rear Camera | 20MP Front Camera,5800 mAh Lithium-Ion Polymer Battery,1 Year Manufacturer Warranty for Phone and 6 Months Warranty for In the Box Accessories
"REDMI 15A (Amaze Purple, 128 GB)","₹15,999",3.9,4 GB RAM | 128 GB ROM | Expandable Upto 2 TB,17.53 cm (6.9 inch) Display,32MP Rear Camera | 8MP Front Camera,6300 mAh Lithium-Ion Polymer Battery,1 Year Manufacturer Warranty for Phone and 6 Months Warranty for In the Box Accessories
"REDMI 15A (Amaze Purple, 64 GB)","₹14,999",3.9,4 GB RAM | 64 GB ROM | Expandable Upto 2 TB,17.53 cm (6.9 inch) Display,32MP Rear Camera | 8MP Front Camera,6300 mAh Lithium-Ion Polymer Battery,1 Year Manufacturer Warranty for Phone and 6 Months Warranty for In the Box Accessories
"IQOO Z10 Lite 5G (Cyber Green, 256 GB)","₹23,490",4.3,8 GB RAM | 256 GB ROM,17.12 cm (6.74 inch) Display,50MP Rear Camera,6000 mAh Battery,
"IQOO Z10 Lite 5G (Titanium Blue, 256 GB)","₹23,490",4.3,8 GB RAM | 256 GB ROM,17.12 cm (6.74 inch) Display,50MP Rear Camera,6000 mAh Battery,
"REDMI 15A (Ace Black, 128 GB)","₹17,999",3.7,6 GB RAM | 128 GB ROM | Expandable Upto 2 TB,17.53 cm (6.9 inch) Display,32MP Rear Camera | 8MP Front Camera,6300 mAh Lithium-Ion Polymer Battery,1 Year Manufacturer Warranty for Phone and 6 Months Warranty for In the Box Accessories
"REDMI 15A (Amaze Purple, 128 GB)","₹17,999",3.7,6 GB RAM | 128 GB ROM | Expandable Upto 2 TB,17.53 cm (6.9 inch) Display,32MP Rear Camera | 8MP Front Camera,6300 mAh Lithium-Ion Polymer Battery,1 Year Manufacturer Warranty for Phone and 6 Months Warranty for In the Box Accessories
"Samsung Galaxy S25 FE 5G (White, 128 GB)","₹46,999",4.6,8 GB RAM | 128 GB ROM,17.02 cm (6.7 inch) Full HD+ Display,50MP + 12MP + 8MP | 12MP Front Camera,4900 mAh Li-ion Battery,1 Year Manufacturer Warranty for Device and 6 Months for In-Box Accessories
"realme GT 7T (IceSense Black, 256 GB)","₹30,999",4.3,8 GB RAM | 256 GB ROM,17.27 cm (6.8 inch) Full HD+ AMOLED Display,50MP + 8MP | 32MP Front Camera,7000 mAh Li-ion Battery,standard 1-year warranty for the device  and a 6-month warranty for accessories
"Nothing Phone (4a) (White, 256 GB)","₹40,999",4.5,8 GB RAM | 256 GB ROM,17.22 cm (6.78 inch) Full HD+ AMOLED Display,50MP + 50MP + 8MP | 32MP Front Camera,5400 mAh Lithium ion Battery,1 Year Manufacturing Warranty
"realme Narzo 100 Lite 5G (Frost Silver, 128 GB)","₹18,384",3.7,6 GB RAM | 128 GB ROM,17.27 cm (6.8 inch) Display,13MP Rear Camera,7000 mAh Battery,
"REDMI 15A (Ace Black, 64 GB)","₹14,999",3.9,4 GB RAM | 64 GB ROM | Expandable Upto 2 TB,17.53 cm (6.9 inch) Display,32MP Rear Camera | 8MP Front Camera,6300 mAh Lithium-Ion Polymer Battery,1 Year Manufacturer Warranty for Phone and 6 Months Warranty for In the Box Accessories
"REDMI 15A (Awesome Blue, 128 GB)","₹15,999",3.9,4 GB RAM | 128 GB ROM | Expandable Upto 2 TB,17.53 cm (6.9 inch) Display,32MP Rear Camera | 8MP Front Camera,6300 mAh Lithium-Ion Polymer Battery,1 Year Manufacturer Warranty for Phone and 6 Months Warranty for In the Box Accessories
HOTLINE POWER,₹689,3.9,32 MB RAM | 32 MB ROM,4.57 cm (1.8 inch) Display,0.3MP Rear Camera,3000 mAh Battery,
"Infinix Note 50s 5G+ 45W Charger In the Box & AI (Marine Drift, 256 GB)","₹24,999",4.3,8 GB RAM | 256 GB ROM,17.22 cm (6.78 inch) Full HD+ Display,64MP + 2MP | 13MP Front Camera,5500 mAh Battery,1 Year Warranty for Handset and 6 Months Warranty for Accessories
"REDMI 15A (Awesome Blue, 64 GB)","₹14,999",3.9,4 GB RAM | 64 GB ROM | Expandable Upto 2 TB,17.53 cm (6.9 inch) Display,32MP Rear Camera | 8MP Front Camera,6300 mAh Lithium-Ion Polymer Battery,1 Year Manufacturer Warranty for Phone and 6 Months Warranty for In the Box Accessories
"Infinix Note 50s 5G+ 45W Charger In the Box & AI (Burgundy Red, 128 GB)","₹21,999",4.3,8 GB RAM | 128 GB ROM,17.22 cm (6.78 inch) Full HD+ Display,64MP + 2MP | 13MP Front Camera,5500 mAh Battery,1 Year Warranty for Handset and 6 Months Warranty for Accessories
Kechaoda K28,"₹1,399",4,32 MB RAM | 64 MB ROM | Expandable Upto 16 GB,6.1 cm (2.4 inch) QVGA Display,0.3MP Rear Camera,1700 mAh Battery,
"POCO C85 5G (Power Black, 128 GB)","₹14,499",3.8,4 GB RAM | 128 GB ROM | Expandable Upto 1 TB,17.53 cm (6.9 inch) HD+ Display,50MP Rear Camera | 8MP Front Camera,6000 mAh Lithium-Ion Polymer Battery,1 Year Manufacturer Warranty for Phone and 6 Months Warranty for In the Box Accessories
Kechaoda K115,"₹1,049",4.1,32 MB RAM | 32 GB ROM | Expandable Upto 32 MB,3.66 cm (1.44 inch) NA Display,0.3MP + 0MP | 0MP Front Camera,850 mAh Battery,3 Months Company Warranty
"OnePlus Nord 6 (Pitch Black, 256 GB)","₹49,790",4.7,12 GB RAM | 256 GB ROM | Expandable Upto 256 GB,17.22 cm (6.78 inch) Full HD+ Display,50MP Rear Camera,9000 mAh Battery,"one-year limited warranty starting from the date of delivery, covering manufacturing defects in materials and workmanship"
HOTLINE CLASSIC ULTRA,₹549,3.5,32 MB RAM | 32 MB ROM | Expandable Upto 16 GB,4.57 cm (1.8 inch) NA Display,1.3MP + 0MP | 0MP Front Camera,1100 mAh Battery,6 Months domestic warranty
"REDMI 15C 5G (Dusk Purple, 128 GB)","₹18,399",4.2,6 GB RAM | 128 GB ROM,17.53 cm (6.9 inch) Display,50MP Rear Camera,6000 mAh Battery,
"realme P4 Power 5G (TransOrange, 128 GB)","₹29,499",4.5,8 GB RAM | 128 GB ROM,17.27 cm (6.8 inch) Full HD+ AMOLED Display,50MP + 8MP | Yes,10001 mAh Battery,1 Year Manufacturer Warranty for Device and 6 Months Manufacturer Warranty for Inbox Accessories
LAVA Hero Shakti 2026,"₹1,199",4.2,4 MB RAM | 4 MB ROM | Expandable Upto 32 GB,4.57 cm (1.8 inch) HQVGA Display,0MP | 0MP Front Camera,1000 mAh Battery,Brand Warranty of 1 Year Available for Mobile and 6 Months for Battery and Accessories
"REDMI 15A (Amaze Purple, 128 GB)","₹15,999",3.9,4 GB RAM | 128 GB ROM | Expandable Upto 2 TB,17.53 cm (6.9 inch) Display,32MP Rear Camera | 8MP Front Camera,6300 mAh Lithium-Ion Polymer Battery,1 Year Manufacturer Warranty for Phone and 6 Months Warranty for In the Box Accessories
"REDMI 15A (Amaze Purple, 64 GB)","₹14,999",3.9,4 GB RAM | 64 GB ROM | Expandable Upto 2 TB,17.53 cm (6.9 inch) Display,32MP Rear Camera | 8MP Front Camera,6300 mAh Lithium-Ion Polymer Battery,1 Year Manufacturer Warranty for Phone and 6 Months Warranty for In the Box Accessories
"POCO X8 Pro (Black, 256 GB)","₹37,999",4.4,12 GB RAM | 256 GB ROM,16.74 cm (6.59 inch) Full HD+ AMOLED Display,50MP + 8MP | 20MP Front Camera,6500 mAh Lithium-Ion Polymer With Silicon Carbon Technology Battery,1 Year Manufacturer Warranty for Phone and 6 Months Warranty for In the Box Accessories
"REDMI 15 5G (Sandy Purple, 128 GB)","₹20,491",4.3,8 GB RAM | 128 GB ROM,17.53 cm (6.9 inch) Display,50MP Rear Camera,7000 mAh Battery,
"POCO C85 5G (Spring Green, 128 GB)","₹14,499",3.8,4 GB RAM | 128 GB ROM | Expandable Upto 1 TB,17.53 cm (6.9 inch) HD+ Display,50MP Rear Camera | 8MP Front Camera,6000 mAh Lithium-Ion Polymer Battery,1 Year Manufacturer Warranty for Phone and 6 Months Warranty for In the Box Accessories
"MOTOROLA g24 Power (Glacier Blue, 128 GB)","₹14,999",4.2,4 GB RAM | 128 GB ROM | Expandable Upto 1 TB,16.76 cm (6.6 inch) HD+ Display,50MP + 2MP | 16MP Front Camera,6000 mAh Battery,1 Year on Handset and 6 Months on Accessories
"REDMI 15A (Ace Black, 128 GB)","₹17,999",3.7,6 GB RAM | 128 GB ROM | Expandable Upto 2 TB,17.53 cm (6.9 inch) Display,32MP Rear Camera | 8MP Front Camera,6300 mAh Lithium-Ion Polymer Battery,1 Year Manufacturer Warranty for Phone and 6 Months Warranty for In the Box Accessories
"REDMI 15A (Amaze Purple, 128 GB)","₹17,999",3.7,6 GB RAM | 128 GB ROM | Expandable Upto 2 TB,17.53 cm (6.9 inch) Display,32MP Rear Camera | 8MP Front Camera,6300 mAh Lithium-Ion Polymer Battery,1 Year Manufacturer Warranty for Phone and 6 Months Warranty for In the Box Accessories
"Ai+ Nova 2 Ultra 5G (Green, 128 GB)","₹17,999",4.1,6 GB RAM | 128 GB ROM | Expandable Upto 1 TB,17.22 cm (6.78 inch) Full HD+ AMOLED Display,50MP + 8MP | 13MP Front Camera,6000 mAh Li-polymer Battery,1 Year Warranty on Handset and 6 Months Warranty on the Inbox Accessories
"POCO C85x (Elite Black, 64 GB)","₹12,999",4.1,4 GB RAM | 64 GB ROM | Expandable Upto 2 TB,17.53 cm (6.9 inch) HD+ Display,32MP Rear Camera,6300 mAh Lithium-Ion Polymer Battery,1 Year Manufacturer Warranty for Phone and 6 Months Warranty for In the Box Accessories
"REDMI 15A (Ace Black, 64 GB)","₹14,999",3.9,4 GB RAM | 64 GB ROM | Expandable Upto 2 TB,17.53 cm (6.9 inch) Display,32MP Rear Camera | 8MP Front Camera,6300 mAh Lithium-Ion Polymer Battery,1 Year Manufacturer Warranty for Phone and 6 Months Warranty for In the Box Accessories
"REDMI 15A (Awesome Blue, 128 GB)","₹15,999",3.9,4 GB RAM | 128 GB ROM | Expandable Upto 2 TB,17.53 cm (6.9 inch) Display,32MP Rear Camera | 8MP Front Camera,6300 mAh Lithium-Ion Polymer Battery,1 Year Manufacturer Warranty for Phone and 6 Months Warranty for In the Box Accessories
itel Super Guru 4G Max,"₹2,499",3.8,64 MB RAM | 128 MB ROM | Expandable Upto 64 GB,7.62 cm (3 inch) QVGA Display,0.3MP Rear Camera,2000 mAh Battery,1 Year Manufacturer Warranty for Device and 6 Months for Accessories
G'Five U 339,₹888,3.8,32 MB RAM | 32 MB ROM,4.57 cm (1.8 inch) Display,0.3MP Rear Camera,3000 mAh Battery,
"IQOO Z10 Lite 5G (Cyber Green, 128 GB)","₹16,455",4.2,4 GB RAM | 128 GB ROM,17.12 cm (6.74 inch) Display,50MP Rear Camera,6000 mAh Battery,
"POCO C75 5G (Aqua Bliss, 64 GB)","₹10,999",4.2,4 GB RAM | 64 GB ROM | Expandable Upto 1 TB,17.48 cm (6.88 inch) HD+ Display,50MP Rear Camera | 5MP Front Camera,5160 mAh Battery,1 Year Manufacturer Warranty for Phone and 6 Months Warranty for In the Box Accessories
"REDMI 15A (Awesome Blue, 64 GB)","₹14,999",3.9,4 GB RAM | 64 GB ROM | Expandable Upto 2 TB,17.53 cm (6.9 inch) Display,32MP Rear Camera | 8MP Front Camera,6300 mAh Lithium-Ion Polymer Battery,1 Year Manufacturer Warranty for Phone and 6 Months Warranty for In the Box Accessories
"OnePlus Nord 6 (Fresh Mint, 256 GB)","₹49,760",4.7,12 GB RAM | 256 GB ROM | Expandable Upto 256 GB,17.22 cm (6.78 inch) Full HD+ Display,50MP Rear Camera,9000 mAh Battery,"one-year limited warranty starting from the date of delivery, covering manufacturing defects in materials and workmanship"
"MOTOROLA Edge 70 Fusion (Pantone COUNTRY AIR, 256 GB)","₹31,999",4.4,8 GB RAM | 256 GB ROM,17.27 cm (6.8 inch) Super HD Display,50MP + 13MP | 32MP Front Camera,7000 mAh Battery,1 Year on Handset and 6 Months on Accessories
"Nothing Phone (4a) (White, 128 GB)","₹37,999",4.5,8 GB RAM | 128 GB ROM,17.22 cm (6.78 inch) Full HD+ AMOLED Display,50MP + 50MP + 8MP | 32MP Front Camera,5400 mAh Lithium ion Battery,1 Year Manufacturing Warranty
"Infinix Note edge (Solar Orange, 128 GB)","₹22,999",4.3,6 GB RAM | 128 GB ROM,17.22 cm (6.78 inch) Full HD+ AMOLED Display,50MP Rear Camera | 13MP Front Camera,6500 mAh Battery,1 year for Handset 6 months for Accessories
"Infinix Note edge (Stellar Blue, 128 GB)","₹22,999",4.3,6 GB RAM | 128 GB ROM,17.22 cm (6.78 inch) Full HD+ AMOLED Display,50MP Rear Camera | 13MP Front Camera,6500 mAh Battery,1 year for Handset 6 months for Accessories
"MOTOROLA g37 power (PANTONE Capri, 128 GB)","₹21,999",4.1,8 GB RAM | 128 GB ROM | Expandable Upto 1 TB,16.92 cm (6.66 inch) HD+ Display,50MP Rear Camera | 8MP Front Camera,7000 mAh Battery,1 Year on Handset and 6 Months on Accessories
"Ai+ Pulse 2 (Purple, 128 GB)","₹11,499",3.8,6 GB RAM | 128 GB ROM | Expandable Upto 1 TB,17.13 cm (6.745 inch) HD+ Display,50MP Rear Camera | 8MP Front Camera,6000 mAh Battery,1 Year Warranty on Handset and 6 Months Warranty on the Inbox Accessories
"Nothing Phone (4a) (Black, 128 GB)","₹37,999",4.5,8 GB RAM | 128 GB ROM,17.22 cm (6.78 inch) Full HD+ AMOLED Display,50MP + 50MP + 8MP | 32MP Front Camera,5400 mAh Lithium ion Battery,1 Year Manufacturing Warranty
"OnePlus Nord 6 (Pitch Black, 256 GB)","₹44,598",4.5,8 GB RAM | 256 GB ROM | Expandable Upto 256 GB,17.22 cm (6.78 inch) Full HD+ Display,50MP Rear Camera,9000 mAh Battery,"one-year limited warranty starting from the date of delivery, covering manufacturing defects in materials and workmanship"
"REDMI 15A (Amaze Purple, 128 GB)","₹15,999",3.9,4 GB RAM | 128 GB ROM | Expandable Upto 2 TB,17.53 cm (6.9 inch) Display,32MP Rear Camera | 8MP Front Camera,6300 mAh Lithium-Ion Polymer Battery,1 Year Manufacturer Warranty for Phone and 6 Months Warranty for In the Box Accessories
"REDMI 15A (Amaze Purple, 64 GB)","₹14,999",3.9,4 GB RAM | 64 GB ROM | Expandable Upto 2 TB,17.53 cm (6.9 inch) Display,32MP Rear Camera | 8MP Front Camera,6300 mAh Lithium-Ion Polymer Battery,1 Year Manufacturer Warranty for Phone and 6 Months Warranty for In the Box Accessories
"POCO M8 (Frost Silver, 128 GB)","₹20,000",4.4,8 GB RAM | 128 GB ROM | Expandable Upto 1 TB,17.2 cm (6.77 inch) Full HD+ Display,50MP Rear Camera | 20MP Front Camera,5520 mAh Battery,
"Nokia 6310 Dual SIM Feature Mobile, Wireless FM Radio and Rear Camera","₹3,719",4,8 MB RAM | 16 MB ROM,7.11 cm (2.8 inch) QVGA Display,0.3MP Rear Camera,1150 mAh Lithium Ion Battery,1 Year Manufacturer Warranty for Device and 6 months Manufacturer Warranty for In-box Accessories Including Battery from the Date of Purchase
"REDMI 15A (Ace Black, 128 GB)","₹17,999",3.7,6 GB RAM | 128 GB ROM | Expandable Upto 2 TB,17.53 cm (6.9 inch) Display,32MP Rear Camera | 8MP Front Camera,6300 mAh Lithium-Ion Polymer Battery,1 Year Manufacturer Warranty for Phone and 6 Months Warranty for In the Box Accessories
"REDMI 15A (Amaze Purple, 128 GB)","₹17,999",3.7,6 GB RAM | 128 GB ROM | Expandable Upto 2 TB,17.53 cm (6.9 inch) Display,32MP Rear Camera | 8MP Front Camera,6300 mAh Lithium-Ion Polymer Battery,1 Year Manufacturer Warranty for Phone and 6 Months Warranty for In the Box Accessories
"MOTOROLA Signature (PANTONE Carbon, 1 TB)","₹67,499",4.5,16 GB RAM | 1 TB ROM,17.27 cm (6.8 inch) Super HD Display,50MP + 50MP + 50MP | 50MP Front Camera,5200 mAh Battery,1 Year Warranty on Handset and 6 Months Warranty on Accessories
"realme Narzo 100 Lite 5G (Thunder Black, 128 GB)","₹18,165",3.7,6 GB RAM | 128 GB ROM,17.27 cm (6.8 inch) Display,13MP Rear Camera,7000 mAh Battery,
"Apple iPhone 17 Pro Max (Cosmic Orange, 512 GB)","₹1,62,900",4.8,512 GB ROM,17.53 cm (6.9 inch) Super Retina XDR Display,48MP + 48MP + 48MP | 18MP Front Camera,"A19 Chip, 6 Core Processor Processor",
LAVA Hero Shakti 2025,₹989,4.1,4 MB RAM | 32 GB ROM | Expandable Upto 32 GB,4.57 cm (1.8 inch) HQVGA Display,0MP | 0MP Front Camera,800 mAh Battery,Brand Warranty of 1 Year Available for Mobile and 6 Months for Battery and Accessories
"REDMI 15A (Ace Black, 64 GB)","₹14,999",3.9,4 GB RAM | 64 GB ROM | Expandable Upto 2 TB,17.53 cm (6.9 inch) Display,32MP Rear Camera | 8MP Front Camera,6300 mAh Lithium-Ion Polymer Battery,1 Year Manufacturer Warranty for Phone and 6 Months Warranty for In the Box Accessories
"REDMI 15A (Awesome Blue, 128 GB)","₹15,999",3.9,4 GB RAM | 128 GB ROM | Expandable Upto 2 TB,17.53 cm (6.9 inch) Display,32MP Rear Camera | 8MP Front Camera,6300 mAh Lithium-Ion Polymer Battery,1 Year Manufacturer Warranty for Phone and 6 Months Warranty for In the Box Accessories
"realme P4 Power 5G (TransOrange, 256 GB)","₹31,499",4.5,8 GB RAM | 256 GB ROM,17.27 cm (6.8 inch) Full HD+ AMOLED Display,50MP + 8MP | Yes,10001 mAh Battery,1 Year Manufacturer Warranty for Device and 6 Months Manufacturer Warranty for Inbox Accessories
"realme P4 Power 5G (TransSilver, 128 GB)","₹29,499",4.5,8 GB RAM | 128 GB ROM,17.27 cm (6.8 inch) Full HD+ AMOLED Display,50MP + 8MP | Yes,10001 mAh Battery,1 Year Manufacturer Warranty for Device and 6 Months Manufacturer Warranty for Inbox Accessories
"REDMI 15A (Awesome Blue, 64 GB)","₹14,999",3.9,4 GB RAM | 64 GB ROM | Expandable Upto 2 TB,17.53 cm (6.9 inch) Display,32MP Rear Camera | 8MP Front Camera,6300 mAh Lithium-Ion Polymer Battery,1 Year Manufacturer Warranty for Phone and 6 Months Warranty for In the Box Accessories
"realme P4 Power 5G (TransSilver, 256 GB)","₹31,499",4.5,8 GB RAM | 256 GB ROM,17.27 cm (6.8 inch) Full HD+ AMOLED Display,50MP + 8MP | Yes,10001 mAh Battery,1 Year Manufacturer Warranty for Device and 6 Months Manufacturer Warranty for Inbox Accessories
"vivo T5 Pro 5G (Glacier Blue, 256 GB)","₹36,999",4.5,8 GB RAM | 256 GB ROM,17.35 cm (6.83 inch) Full HD+ AMOLED Display,50MP + 2MP | 32MP Front Camera,9020 mAh Battery,1 Year Warranty
"vivo T5 Pro 5G (Cosmic Black, 128 GB)","₹32,999",4.5,8 GB RAM | 128 GB ROM,17.35 cm (6.83 inch) Full HD+ AMOLED Display,50MP + 2MP | 32MP Front Camera,9020 mAh Battery,1 Year Warranty
Jio MOBILE PHONE KW201,"₹1,499",3.5,32 MB RAM | 128 GB ROM,4.5 cm (1.77 inch) Display,2MP Rear Camera,1000 mAh Battery,
"Nothing Phone (4a) (Black, 256 GB)","₹40,999",4.5,12 GB RAM | 256 GB ROM,17.22 cm (6.78 inch) Full HD+ AMOLED Display,50MP + 50MP + 8MP | 32MP Front Camera,5400 mAh Lithium ion Battery,1 Year Manufacturing Warranty
"Infinix Note edge (Silk Green, 128 GB)","₹22,999",4.3,6 GB RAM | 128 GB ROM,17.22 cm (6.78 inch) Full HD+ AMOLED Display,50MP Rear Camera | 13MP Front Camera,6500 mAh Battery,1 year for Handset 6 months for Accessories
"Infinix Note edge (Lunar Titanium, 128 GB)","₹22,999",4.3,6 GB RAM | 128 GB ROM,17.22 cm (6.78 inch) Full HD+ AMOLED Display,50MP Rear Camera | 13MP Front Camera,6500 mAh Battery,1 year for Handset 6 months for Accessories
"realme Gt 7 (Icesense Blue, 256 GB)","₹39,999",4.4,8 GB RAM | 256 GB ROM,17.02 cm (6.7 inch) Full HD+ AMOLED Display,50MP + 50MP + 8MP + 50MP | 32MP + 32MP Dual Front Camera,7000 mAh Battery,1 Year manufacturer Warranty for handset & 6 months for accessories
"Nokia 235 4G Dual SIM Keypad Phone, Scan & Pay UPI, USB Type C","₹4,145",3.8,64 MB RAM | 128 MB ROM,7.11 cm (2.8 inch) Display,2MP Rear Camera,1450 mAh Battery,
"Infinix SMART 20 (Sunlike Orange, 64 GB)","₹12,499",4,4 GB RAM | 64 GB ROM,17.22 cm (6.78 inch) HD+ Display,8MP Rear Camera | 8MP Front Camera,5200 mAh Battery,"1 year for Handset
6 months for Accessories"
"REDMI A7 Pro (Black, 64 GB)","₹12,499",3.8,4 GB RAM | 64 GB ROM | Expandable Upto 2 TB,17.53 cm (6.9 inch) HD+ Display,13MP Rear Camera | 8MP Front Camera,6300 mAh Lithium-Ion Battery,1 Year Manufacturer Warranty for Phone and 6 Months Warranty for In the Box Accessories
"MOTOROLA g24 Power (Glacier Blue, 128 GB)","₹14,999",4.2,4 GB RAM | 128 GB ROM | Expandable Upto 1 TB,16.76 cm (6.6 inch) HD+ Display,50MP + 2MP | 16MP Front Camera,6000 mAh Battery,1 Year on Handset and 6 Months on Accessories
LAVA Hero Shakti 2025,₹989,4.1,4 MB RAM | 32 GB ROM | Expandable Upto 32 GB,4.57 cm (1.8 inch) HQVGA Display,0MP | 0MP Front Camera,800 mAh Battery,Brand Warranty of 1 Year Available for Mobile and 6 Months for Battery and Accessories
"POCO C85x (Emerald Green, 64 GB)","₹12,999",4.1,4 GB RAM | 64 GB ROM | Expandable Upto 2 TB,17.53 cm (6.9 inch) HD+ Display,32MP Rear Camera,6300 mAh Lithium-Ion Polymer Battery,1 Year Manufacturer Warranty for Phone and 6 Months Warranty for In the Box Accessories
"REDMI 15 5G (Frosted White, 128 GB)","₹20,878",4.3,8 GB RAM | 128 GB ROM,17.53 cm (6.9 inch) Display,50MP Rear Camera,7000 mAh Battery,
"POCO X8 Pro (Black, 256 GB)","₹37,999",4.4,12 GB RAM | 256 GB ROM,16.74 cm (6.59 inch) Full HD+ AMOLED Display,50MP + 8MP | 20MP Front Camera,6500 mAh Lithium-Ion Polymer With Silicon Carbon Technology Battery,1 Year Manufacturer Warranty for Phone and 6 Months Warranty for In the Box Accessories
"REDMI 15A (Amaze Purple, 128 GB)","₹15,999",3.9,4 GB RAM | 128 GB ROM | Expandable Upto 2 TB,17.53 cm (6.9 inch) Display,32MP Rear Camera | 8MP Front Camera,6300 mAh Lithium-Ion Polymer Battery,1 Year Manufacturer Warranty for Phone and 6 Months Warranty for In the Box Accessories
Kechaoda A27,₹990,4,32 MB RAM | 32 MB ROM | Expandable Upto 16 GB,1.68 cm (0.66 inch) QVGA Display,0MP | 0MP Front Camera,800 mAh Battery,3 Months Company Warranty
Kechaoda K28,"₹1,390",4,32 MB RAM | 64 MB ROM | Expandable Upto 16 GB,6.1 cm (2.4 inch) QVGA Display,0.3MP Rear Camera,1700 mAh Battery,
"POCO X8 Pro (Iron man edition, 256 GB)","₹39,999",4.4,12 GB RAM | 256 GB ROM,16.74 cm (6.59 inch) Full HD+ AMOLED Display,50MP + 8MP | 20MP Front Camera,6500 mAh Lithium-Ion Polymer With Silicon Carbon Technology Battery,1 Year Manufacturer Warranty for Phone and 6 Months Warranty for In the Box Accessories
"REDMI A7 (Black, 64 GB)","₹11,499",4,3 GB RAM | 64 GB ROM | Expandable Upto 2 TB,17.48 cm (6.88 $inch) HD+ Display,13MP Rear Camera | 8MP Front Camera,5200 mAh Lithium-Ion Battery,1 Year Manufacturer Warranty for Phone and 6 Months Warranty for In the Box Accessories
"POCO M8 (Glacial Blue, 256 GB)","₹22,000",4.4,8 GB RAM | 256 GB ROM | Expandable Upto 1 TB,17.2 cm (6.77 inch) Full HD+ Display,50MP Rear Camera | 20MP Front Camera,5520 mAh Battery,
"OnePlus Nord 6 (Quick Silver, 256 GB)","₹49,150",4.7,12 GB RAM | 256 GB ROM | Expandable Upto 256 GB,17.22 cm (6.78 inch) Full HD+ Display,50MP Rear Camera,9000 mAh Battery,"one-year limited warranty starting from the date of delivery, covering manufacturing defects in materials and workmanship"
"OPPO F33 5G (Forest Green, 128 GB)","₹36,999",4.3,8 GB RAM | 128 GB ROM,16.69 cm (6.57 inch) Full HD+ AMOLED Display,50MP + 2MP | 16MP Front Camera,7000 mAh lithium-ion polymer Battery,1 Year Manufacturer Warranty for Device and 6 Months Manufacturer Warranty for Inbox Accessories
HOTLINE 106,₹558,3.4,32 MB RAM | 32 MB ROM,4.5 cm (1.77 inch) Display,1.3MP Rear Camera,1000 mAh Battery,
"REDMI A7 (Blue, 64 GB)","₹11,499",4,3 GB RAM | 64 GB ROM | Expandable Upto 2 TB,17.48 cm (6.88 $inch) HD+ Display,13MP Rear Camera | 8MP Front Camera,5200 mAh Lithium-Ion Battery,1 Year Manufacturer Warranty for Phone and 6 Months Warranty for In the Box Accessories
"REDMI 15A (Ace Black, 128 GB)","₹15,999",3.9,4 GB RAM | 128 GB ROM | Expandable Upto 2 TB,17.53 cm (6.9 inch) Display,32MP Rear Camera | 8MP Front Camera,6300 mAh Lithium-Ion Polymer Battery,1 Year Manufacturer Warranty for Phone and 6 Months Warranty for In the Box Accessories
"REDMI 15 5G (Frosted White, 256 GB)","₹22,785",4.3,8 GB RAM | 256 GB ROM,17.53 cm (6.9 inch) Display,50MP Rear Camera,7000 mAh Battery,
itel Flip 1 Keypad Mobile with Type C Charging| Leather Back | 1200 mAh Battery,"₹2,497",3.9,4 MB RAM | 4 MB ROM | Expandable Upto 64 GB,6.1 cm (2.4 inch) QVGA Display,0.8MP Rear Camera,1200 mAh Battery,
"POCO X8 Pro (Green, 256 GB)","₹34,999",4.3,8 GB RAM | 256 GB ROM,16.74 cm (6.59 inch) Full HD+ AMOLED Display,50MP + 8MP | 20MP Front Camera,6500 mAh Lithium-Ion Polymer With Silicon Carbon Technology Battery,1 Year Manufacturer Warranty for Phone and 6 Months Warranty for In the Box Accessories
"POCO X8 Pro (Green, 256 GB)","₹37,999",4.4,12 GB RAM | 256 GB ROM,16.74 cm (6.59 inch) Full HD+ AMOLED Display,50MP + 8MP | 20MP Front Camera,6500 mAh Lithium-Ion Polymer With Silicon Carbon Technology Battery,1 Year Manufacturer Warranty for Phone and 6 Months Warranty for In the Box Accessories
Jio JioBharat V4 4G,₹868,3.7,20 MB RAM | 36 MB ROM,4.5 cm (1.77 inch) Display,0.3MP Rear Camera,1000 mAh Battery,
"MOTOROLA Edge 70 Fusion (Pantone BLUE SURF, 256 GB)","₹33,999",4.3,12 GB RAM | 256 GB ROM,17.27 cm (6.8 inch) Super HD Display,50MP + 13MP | 32MP Front Camera,7000 mAh Battery,1 Year on Handset and 6 Months on Accessories
"Infinix Note edge (Solar Orange, 128 GB)","₹24,999",4.2,8 GB RAM | 128 GB ROM,17.22 cm (6.78 inch) Full HD+ AMOLED Display,50MP Rear Camera | 13MP Front Camera,6500 mAh Battery,1 year for Handset 6 months for Accessories
"Infinix Note edge (Lunar Titanium, 256 GB)","₹26,999",4.2,8 GB RAM | 256 GB ROM,17.22 cm (6.78 inch) Full HD+ AMOLED Display,50MP Rear Camera | 13MP Front Camera,6500 mAh Battery,1 year for Handset 6 months for Accessories
"REDMI 15A (Amaze Purple, 128 GB)","₹15,999",3.9,4 GB RAM | 128 GB ROM | Expandable Upto 2 TB,17.53 cm (6.9 inch) Display,32MP Rear Camera | 8MP Front Camera,6300 mAh Lithium-Ion Polymer Battery,1 Year Manufacturer Warranty for Phone and 6 Months Warranty for In the Box Accessories
"REDMI 15A (Amaze Purple, 64 GB)","₹14,999",3.9,4 GB RAM | 64 GB ROM | Expandable Upto 2 TB,17.53 cm (6.9 inch) Display,32MP Rear Camera | 8MP Front Camera,6300 mAh Lithium-Ion Polymer Battery,1 Year Manufacturer Warranty for Phone and 6 Months Warranty for In the Box Accessories
HMD 110 Dual Sim Keypad Phone with Built-in Scan & Pay UPI App,"₹1,275",3.9,4 MB RAM | 4 MB ROM,5.08 cm (2 inch) NA Display,0.2MP Rear Camera,1000 mAh Battery,
KARBONN Kphone Mini DS Keypad Mobile|1000 mAh Battery|0.3MP Camera|Expandable Upto 32 GB,₹939,3.8,32 MB RAM | 32 MB ROM,4.57 cm (1.8 inch) Display,0.3MP Rear Camera,1000 mAh Battery,
"REDMI 15A (Ace Black, 128 GB)","₹17,999",3.7,6 GB RAM | 128 GB ROM | Expandable Upto 2 TB,17.53 cm (6.9 inch) Display,32MP Rear Camera | 8MP Front Camera,6300 mAh Lithium-Ion Polymer Battery,1 Year Manufacturer Warranty for Phone and 6 Months Warranty for In the Box Accessories
"REDMI 15A (Amaze Purple, 128 GB)","₹17,999",3.7,6 GB RAM | 128 GB ROM | Expandable Upto 2 TB,17.53 cm (6.9 inch) Display,32MP Rear Camera | 8MP Front Camera,6300 mAh Lithium-Ion Polymer Battery,1 Year Manufacturer Warranty for Phone and 6 Months Warranty for In the Box Accessories
itel Flip 1 Keypad Mobile with Type C Charging| Leather Back | 1200 mAh Battery,"₹2,480",3.9,4 MB RAM | 4 MB ROM | Expandable Upto 64 GB,6.1 cm (2.4 inch) QVGA Display,0.8MP Rear Camera,1200 mAh Battery,
Samsung Metro 313,"₹1,803",3,4 MB RAM | 128 GB ROM,5.08 cm (2 inch) Display,0.3MP Rear Camera,1000 mAh Battery,
"Samsung Galaxy A36 5G (Awesome Black, 256 GB)","₹35,999",4.3,8 GB RAM | 256 GB ROM,17.02 cm (6.7 inch) Full HD+ Display,50MP + 8MP | 12MP Front Camera,5000 mAh Battery,1 Year Manufacturer Warranty for Device and 6 Months for In-Box Accessories
"REDMI Note 15 5G (Black, 128 GB)","₹24,990",4.4,8 GB RAM | 128 GB ROM,17.2 cm (6.77 inch) Display,108MP Rear Camera,5520 mAh Battery,
"REDMI 15A (Ace Black, 64 GB)","₹14,999",3.9,4 GB RAM | 64 GB ROM | Expandable Upto 2 TB,17.53 cm (6.9 inch) Display,32MP Rear Camera | 8MP Front Camera,6300 mAh Lithium-Ion Polymer Battery,1 Year Manufacturer Warranty for Phone and 6 Months Warranty for In the Box Accessories
"REDMI 15A (Awesome Blue, 128 GB)","₹15,999",3.9,4 GB RAM | 128 GB ROM | Expandable Upto 2 TB,17.53 cm (6.9 inch) Display,32MP Rear Camera | 8MP Front Camera,6300 mAh Lithium-Ion Polymer Battery,1 Year Manufacturer Warranty for Phone and 6 Months Warranty for In the Box Accessories
"realme P4 Power 5G (TransBlue, 256 GB)","₹31,499",4.5,8 GB RAM | 256 GB ROM,17.27 cm (6.8 inch) Full HD+ AMOLED Display,50MP + 8MP | Yes,10001 mAh Battery,1 Year Manufacturer Warranty for Device and 6 Months Manufacturer Warranty for Inbox Accessories
IAIR D42 Keypad Mobile Phone with Wired Earphone,₹899,4.3,32 MB RAM | 32 MB ROM,5.08 cm (2 inch) Display,0.8MP Rear Camera,2800 mAh Battery,
"REDMI 15A (Awesome Blue, 64 GB)","₹14,999",3.9,4 GB RAM | 64 GB ROM | Expandable Upto 2 TB,17.53 cm (6.9 inch) Display,32MP Rear Camera | 8MP Front Camera,6300 mAh Lithium-Ion Polymer Battery,1 Year Manufacturer Warranty for Phone and 6 Months Warranty for In the Box Accessories
Kechaoda A27,₹990,4,32 MB RAM | 32 MB ROM | Expandable Upto 16 GB,1.68 cm (0.66 inch) QVGA Display,0MP | 0MP Front Camera,800 mAh Battery,3 Months Company Warranty
itel it5027 Slim Keypad Mobile | 2.4 inch Display| Type C Charging,"₹1,399",4.1,4 MB RAM | 4 MB ROM,6.1 cm (2.4 inch) Display,0.3MP Rear Camera,1200 mAh Battery,
ringme R1+ JUMBO,"₹1,699",4.1,32 MB RAM | 32 MB ROM,6.1 cm (2.4 inch) Display,1MP Rear Camera,4000 mAh Battery,
"MOTOROLA edge 70 pro (Tailored Fabric - PANTONE Titan (Blue), 256 GB)","₹39,999",4.4,8 GB RAM | 256 GB ROM,17.27 cm (6.8 inch) Full HD+ Super AMOLED Display,50MP + 50MP | 50MP Front Camera,6500 mAh Silicon-Carbon Battery,1 Year on Handset and 6 Months on Accessories
"Samsung Galaxy F16 5G (Vibing Blue, 128 GB)","₹13,999",4.2,6 GB RAM | 128 GB ROM,16.91 cm (6.657 inch) Full HD+ Display,50MP + 5MP + 2MP | 13MP Front Camera,5000 mAh Battery,1 Year Manufacturer Warranty for Device and 6 Months for In-Box Accessories
"REDMI 15A (Amaze Purple, 128 GB)","₹15,999",3.9,4 GB RAM | 128 GB ROM | Expandable Upto 2 TB,17.53 cm (6.9 inch) Display,32MP Rear Camera | 8MP Front Camera,6300 mAh Lithium-Ion Polymer Battery,1 Year Manufacturer Warranty for Phone and 6 Months Warranty for In the Box Accessories
"REDMI 15A (Amaze Purple, 64 GB)","₹14,999",3.9,4 GB RAM | 64 GB ROM | Expandable Upto 2 TB,17.53 cm (6.9 inch) Display,32MP Rear Camera | 8MP Front Camera,6300 mAh Lithium-Ion Polymer Battery,1 Year Manufacturer Warranty for Phone and 6 Months Warranty for In the Box Accessories
"MOTOROLA Edge 60 Fusion 5G (PANTONE Slipstream, 256 GB)","₹27,999",4.4,12 GB RAM | 256 GB ROM | Expandable Upto 1 TB,16.94 cm (6.67 inch) Full HD+ Display,50MP + 13MP | 32MP Front Camera,5500 mAh Battery,68W Charger
"MOTOROLA g06 power Charger in the Box (Pantone Laurel Oak, 64 GB)","₹11,499",4.2,4 GB RAM | 64 GB ROM | Expandable Upto 1 TB,17.48 cm (6.88 inch) HD+ Display,50MP Rear Camera | 8MP Front Camera,7000 mAh Battery,1 Year Warranty on Handset and 6 Months Warranty on Accessories
"REDMI 15A (Ace Black, 128 GB)","₹17,999",3.7,6 GB RAM | 128 GB ROM | Expandable Upto 2 TB,17.53 cm (6.9 inch) Display,32MP Rear Camera | 8MP Front Camera,6300 mAh Lithium-Ion Polymer Battery,1 Year Manufacturer Warranty for Phone and 6 Months Warranty for In the Box Accessories
"REDMI 15A (Amaze Purple, 128 GB)","₹17,999",3.7,6 GB RAM | 128 GB ROM | Expandable Upto 2 TB,17.53 cm (6.9 inch) Display,32MP Rear Camera | 8MP Front Camera,6300 mAh Lithium-Ion Polymer Battery,1 Year Manufacturer Warranty for Phone and 6 Months Warranty for In the Box Accessories
"MOTOROLA Edge 60 Pro (Pantone Sparkling Grape, 256 GB)","₹33,999",4.3,12 GB RAM | 256 GB ROM,17.02 cm (6.7 inch) Display,50MP + 50MP + 10MP | 50MP Front Camera,6000 mAh Battery,1 Year Warranty on Handset and 6 Months Warranty on Accessories
Micromax X725,"₹1,494",3.8,32 MB RAM | 32 MB ROM,6.1 cm (2.4 inch) Display,0.3MP Rear Camera,1450 mAh Battery,
"REDMI 15 5G (Midnight Black, 128 GB)","₹18,827",4.3,6 GB RAM | 128 GB ROM,17.53 cm (6.9 inch) Display,50MP Rear Camera,7000 mAh Battery,
MOTOROLA A10V DS Keypad Phone with Voice Feature|800 mAh Battery|Wireless FM Recording,"₹1,289",4,4 MB RAM | 32 MB ROM | Expandable Upto 64 GB,4.57 cm (1.8 inch) Display,800 mAh Battery,2 Years Domestic Replacement Warranty,
"REDMI 15A (Ace Black, 64 GB)","₹14,999",3.9,4 GB RAM | 64 GB ROM | Expandable Upto 2 TB,17.53 cm (6.9 inch) Display,32MP Rear Camera | 8MP Front Camera,6300 mAh Lithium-Ion Polymer Battery,1 Year Manufacturer Warranty for Phone and 6 Months Warranty for In the Box Accessories
"REDMI 15A (Awesome Blue, 128 GB)","₹15,999",3.9,4 GB RAM | 128 GB ROM | Expandable Upto 2 TB,17.53 cm (6.9 inch) Display,32MP Rear Camera | 8MP Front Camera,6300 mAh Lithium-Ion Polymer Battery,1 Year Manufacturer Warranty for Phone and 6 Months Warranty for In the Box Accessories
"MOTOROLA Edge 70 Fusion (Pantone BLUE SURF, 256 GB)","₹31,999",4.4,8 GB RAM | 256 GB ROM,17.27 cm (6.8 inch) Super HD Display,50MP + 13MP | 32MP Front Camera,7000 mAh Battery,1 Year on Handset and 6 Months on Accessories
"REDMI 15 5G (Frosted White, 128 GB)","₹18,920",4.3,6 GB RAM | 128 GB ROM,17.53 cm (6.9 inch) Display,50MP Rear Camera,7000 mAh Battery,
"REDMI 15A (Awesome Blue, 64 GB)","₹14,999",3.9,4 GB RAM | 64 GB ROM | Expandable Upto 2 TB,17.53 cm (6.9 inch) Display,32MP Rear Camera | 8MP Front Camera,6300 mAh Lithium-Ion Polymer Battery,1 Year Manufacturer Warranty for Phone and 6 Months Warranty for In the Box Accessories
"realme P3 Ultra 5G (Neptune Blue, 256 GB)","₹31,999",4.5,12 GB RAM | 256 GB ROM,17.35 cm (6.83 inch) Display,50MP + 8MP | 16MP Front Camera,6000 mAh Battery,1 Year Manufacturer Warranty for Device and 6 Months Manufacturer Warranty for Inbox Accessories
"realme P4 5G (Engine Blue, 128 GB)","₹24,999",4.4,8 GB RAM | 128 GB ROM,17.2 cm (6.77 inch) Display,50MP + 8MP | 16MP Front Camera,7000 mAh Battery,1 Year Manufacturer Warranty for Device and 6 Months Manufacturer Warranty for Inbox Accessories
"LAVA Blaze (Glass Black, 64 GB)","₹9,699",4,3 GB RAM | 64 GB ROM | Expandable Upto 256 GB,16.51 cm (6.5 inch) HD+ Display,13MP Triple AI Camera + 8MP front camera | 8MP Front Camera,5000 mAh Lithium Polymer Battery,1 Year Handset Warranty and 6 Months Warranty on Accessories
Micromax X1i Smart Plus,₹979,3.7,32 MB RAM | 32 MB ROM,6.1 cm (2.4 inch) Display,0.08MP Rear Camera,1750 mAh Battery,
LAVA LF9000,"₹1,999",4.1,20 MB RAM | 20 MB ROM,7.11 cm (2.8 inch) Display,1.3MP Rear Camera,2575 mAh Battery,
"Nokia 106 Dual Sim Keypad Phone, Built-in UPI Payments App, MP3 Player","₹1,614",3.6,32 MB RAM | 32 MB ROM,4.5 cm (1.77 inch) Display,0MP | 0MP Front Camera,1000 mAh Battery,
"realme P4 5G (Steel Grey, 256 GB)","₹27,999",4.4,8 GB RAM | 256 GB ROM,17.2 cm (6.77 inch) Display,50MP + 8MP | 16MP Front Camera,7000 mAh Battery,1 Year Manufacturer Warranty for Device and 6 Months Manufacturer Warranty for Inbox Accessories
"Nokia 106 4G Dual Sim Keypad Phone, Built-in UPI Payments App, MP3 Player","₹2,999",3.9,32 MB RAM | 32 MB ROM,4.5 cm (1.77 inch) Display,0MP | 0MP Front Camera,1450 mAh Battery,ONE YEAR WARRANTY
"Nothing Phone (4a) (Blue, 256 GB)","₹40,999",4.5,8 GB RAM | 256 GB ROM,17.22 cm (6.78 inch) Full HD+ AMOLED Display,50MP + 50MP + 8MP | 32MP Front Camera,5400 mAh Lithium ion Battery,1 Year Manufacturing Warranty
"Infinix SMART 20 (Sunlike Orange, 64 GB)","₹12,499",4,4 GB RAM | 64 GB ROM,17.22 cm (6.78 inch) HD+ Display,8MP Rear Camera | 8MP Front Camera,5200 mAh Battery,"1 year for Handset
6 months for Accessories"
"REDMI A7 Pro (Black, 64 GB)","₹12,499",3.8,4 GB RAM | 64 GB ROM | Expandable Upto 2 TB,17.53 cm (6.9 inch) HD+ Display,13MP Rear Camera | 8MP Front Camera,6300 mAh Lithium-Ion Battery,1 Year Manufacturer Warranty for Phone and 6 Months Warranty for In the Box Accessories
"realme P2 Pro 5G (Parrot Green, 128 GB)","₹17,999",4.4,8 GB RAM | 128 GB ROM,17.02 cm (6.7 inch) Full HD+ Display,50MP + 8MP | 32MP Front Camera,5200 mAh Battery,1 Year Manufacturer Warranty for Device and 6 Months Manufacturer Warranty for Inbox Accessories
Kechaoda K115,"₹1,099",4.1,32 MB RAM | 32 GB ROM | Expandable Upto 32 MB,3.66 cm (1.44 inch) NA Display,0.3MP + 0MP | 0MP Front Camera,850 mAh Battery,3 Months Company Warranty
"Samsung Galaxy S25 Plus 5G (Navy, 256 GB)","₹79,999",4.6,12 GB RAM | 256 GB ROM,17.02 cm (6.7 inch) Quad HD+ Display,50MP + 10MP + 12MP | 12MP Front Camera,4900 mAh Battery,1 Year Manufacturer Warranty for Device and 6 Months for In-Box Accessories
"REDMI A7 Pro (Sunset Orange, 64 GB)","₹12,499",3.8,4 GB RAM | 64 GB ROM | Expandable Upto 2 TB,17.53 cm (6.9 inch) HD+ Display,13MP Rear Camera | 8MP Front Camera,6300 mAh Lithium-Ion Battery,1 Year Manufacturer Warranty for Phone and 6 Months Warranty for In the Box Accessories
"POCO X8 Pro (Black, 256 GB)","₹37,999",4.4,12 GB RAM | 256 GB ROM,16.74 cm (6.59 inch) Full HD+ AMOLED Display,50MP + 8MP | 20MP Front Camera,6500 mAh Lithium-Ion Polymer With Silicon Carbon Technology Battery,1 Year Manufacturer Warranty for Phone and 6 Months Warranty for In the Box Accessories
"POCO X8 Pro (Iron man edition, 256 GB)","₹39,999",4.4,12 GB RAM | 256 GB ROM,16.74 cm (6.59 inch) Full HD+ AMOLED Display,50MP + 8MP | 20MP Front Camera,6500 mAh Lithium-Ion Polymer With Silicon Carbon Technology Battery,1 Year Manufacturer Warranty for Phone and 6 Months Warranty for In the Box Accessories
"Samsung Galaxy F17 5G (Neo Black, 128 GB)","₹18,699",4.2,6 GB RAM | 128 GB ROM | Expandable Upto 2 TB,17.02 cm (6.7 inch) Full HD+ Display,50MP + 5MP | 13MP Front Camera,5000 mAh Battery,1 Year Manufacturer Warranty for Device and 6 Months for In-Box Accessories
"realme C71 (Dune Gold, 64 GB)","₹12,760",4.3,4 GB RAM | 64 GB ROM,17.12 cm (6.74 inch) HD+ Display,50MP Rear Camera | 5MP Front Camera,6300 mAh Battery,1 Year Manufacturer Warranty for Device and 6 Months Manufacturer Warranty for Inbox Accessories
"REDMI 15A (Amaze Purple, 128 GB)","₹15,999",3.9,4 GB RAM | 128 GB ROM | Expandable Upto 2 TB,17.53 cm (6.9 inch) Display,32MP Rear Camera | 8MP Front Camera,6300 mAh Lithium-Ion Polymer Battery,1 Year Manufacturer Warranty for Phone and 6 Months Warranty for In the Box Accessories
"REDMI A7 (Black, 64 GB)","₹11,499",4,3 GB RAM | 64 GB ROM | Expandable Upto 2 TB,17.48 cm (6.88 $inch) HD+ Display,13MP Rear Camera | 8MP Front Camera,5200 mAh Lithium-Ion Battery,1 Year Manufacturer Warranty for Phone and 6 Months Warranty for In the Box Accessories
Kechaoda A27,₹939,4,32 MB RAM | 32 MB ROM,4.27 cm (1.68 inch) Display,0MP Front Camera,800 mAh Battery,
"TOUCH 18 Bold V1 Signature Gold Dragon Luxury Mobile Sim Keypad| with 1.8"" Display","₹2,359",3.6,32 MB RAM | 32 MB ROM,4.57 cm (1.8 inch) Display,0.3MP Rear Camera,1800 mAh Battery,
KARBONN KX29 DS Keypad Mobile|3000 mAh Battery|0.3MP Rear Camera|Expandable Upto 32 GB,"₹1,499",3.7,32 MB RAM | 32 MB ROM | Expandable Upto 32 GB,6.1 cm (2.4 inch) Display,0.3MP Rear Camera,2700 mAh Battery,
itel it2165c,₹999,3.6,32 MB RAM | 32 MB ROM | Expandable Upto 32 GB,5.08 cm (2 inch) Display,1200 mAh Battery,1 year manufacturer warranty,
"POCO X8 Pro (Black, 256 GB)","₹34,999",4.3,8 GB RAM | 256 GB ROM,16.74 cm (6.59 inch) Full HD+ AMOLED Display,50MP + 8MP | 20MP Front Camera,6500 mAh Lithium-Ion Polymer With Silicon Carbon Technology Battery,1 Year Manufacturer Warranty for Phone and 6 Months Warranty for In the Box Accessories
"POCO X8 Pro (White, 256 GB)","₹37,999",4.4,12 GB RAM | 256 GB ROM,16.74 cm (6.59 inch) Full HD+ AMOLED Display,50MP + 8MP | 20MP Front Camera,6500 mAh Lithium-Ion Polymer With Silicon Carbon Technology Battery,1 Year Manufacturer Warranty for Phone and 6 Months Warranty for In the Box Accessories
"Alcatel V3 Classic 5G (Halo White, 128 GB)","₹14,999",4,6 GB RAM | 128 GB ROM | Expandable Upto 2 TB,16.94 cm (6.67 inch) HD+ Display,50MP Dual Camera | 8MP Front Camera,5200 mAh Battery,1 Year Warranty on Handset and 6 Months Warranty on in the Box Accessories
"realme P4 Pro 5G (Midnight Ivy, 128 GB)","₹27,999",4.4,8 GB RAM | 128 GB ROM,17.27 cm (6.8 inch) Full HD+ Display,50MP + 8MP | 50MP Front Camera,7000 mAh Battery,1 Year Manufacturer Warranty for Device and 6 Months Manufacturer Warranty for Inbox Accessories
"REDMI A7 (Blue, 64 GB)","₹11,499",4,3 GB RAM | 64 GB ROM | Expandable Upto 2 TB,17.48 cm (6.88 $inch) HD+ Display,13MP Rear Camera | 8MP Front Camera,5200 mAh Lithium-Ion Battery,1 Year Manufacturer Warranty for Phone and 6 Months Warranty for In the Box Accessories
"REDMI 15A (Ace Black, 128 GB)","₹15,999",3.9,4 GB RAM | 128 GB ROM | Expandable Upto 2 TB,17.53 cm (6.9 inch) Display,32MP Rear Camera | 8MP Front Camera,6300 mAh Lithium-Ion Polymer Battery,1 Year Manufacturer Warranty for Phone and 6 Months Warranty for In the Box Accessories
"realme P4 Pro 5G (Midnight Ivy, 256 GB)","₹29,999",4.4,8 GB RAM | 256 GB ROM,17.27 cm (6.8 inch) Full HD+ Display,50MP + 8MP | 50MP Front Camera,7000 mAh Battery,1 Year Manufacturer Warranty for Device and 6 Months Manufacturer Warranty for Inbox Accessories
"Alcatel V3 Classic 5G (Cosmic Grey, 128 GB)","₹14,999",4,6 GB RAM | 128 GB ROM | Expandable Upto 2 TB,16.94 cm (6.67 inch) HD+ Display,50MP Dual Camera | 8MP Front Camera,5200 mAh Battery,1 Year Warranty on Handset and 6 Months Warranty on in the Box Accessories
LAVA LF9000,"₹1,999",4.1,20 MB RAM | 20 MB ROM,7.11 cm (2.8 inch) Quarter QVGA Display,1.3MP Rear Camera,2575 mAh Battery,
"TOUCH 18 Bold V1 Signature Gold Dragon Luxury Mobile Sim Keypad| with 1.8"" Display","₹2,359",3.6,32 MB RAM | 32 MB ROM,4.57 cm (1.8 inch) Display,0.3MP Rear Camera,1800 mAh Battery,
"REDMI 15A (Amaze Purple, 128 GB)","₹15,999",3.9,4 GB RAM | 128 GB ROM | Expandable Upto 2 TB,17.53 cm (6.9 inch) Display,32MP Rear Camera | 8MP Front Camera,6300 mAh Lithium-Ion Polymer Battery,1 Year Manufacturer Warranty for Phone and 6 Months Warranty for In the Box Accessories
"REDMI 15A (Amaze Purple, 64 GB)","₹14,999",3.9,4 GB RAM | 64 GB ROM | Expandable Upto 2 TB,17.53 cm (6.9 inch) Display,32MP Rear Camera | 8MP Front Camera,6300 mAh Lithium-Ion Polymer Battery,1 Year Manufacturer Warranty for Phone and 6 Months Warranty for In the Box Accessories
itel Ace2 Heera | King Talker | Auto Call Recording | Expendable Storage32GB,₹930,4,32 MB RAM | 32 MB ROM | Expandable Upto 32 GB,4.57 cm (1.8 inch) Display,1000 mAh Battery,1 year manufacturer Warranty,
"realme P2 Pro 5G (Parrot Green, 128 GB)","₹17,999",4.4,8 GB RAM | 128 GB ROM,17.02 cm (6.7 inch) Full HD+ Display,50MP + 8MP | 32MP Front Camera,5200 mAh Battery,1 Year Manufacturer Warranty for Device and 6 Months Manufacturer Warranty for Inbox Accessories
"REDMI 15A (Ace Black, 128 GB)","₹17,999",3.7,6 GB RAM | 128 GB ROM | Expandable Upto 2 TB,17.53 cm (6.9 inch) Display,32MP Rear Camera | 8MP Front Camera,6300 mAh Lithium-Ion Polymer Battery,1 Year Manufacturer Warranty for Phone and 6 Months Warranty for In the Box Accessories
"REDMI 15A (Amaze Purple, 128 GB)","₹17,999",3.7,6 GB RAM | 128 GB ROM | Expandable Upto 2 TB,17.53 cm (6.9 inch) Display,32MP Rear Camera | 8MP Front Camera,6300 mAh Lithium-Ion Polymer Battery,1 Year Manufacturer Warranty for Phone and 6 Months Warranty for In the Box Accessories
Kechaoda A26,₹979,4,32 MB RAM | 32 MB ROM | Expandable Upto 16 GB,1.68 cm (0.66 inch) QVGA Display,0MP | 0MP Front Camera,800 mAh Battery,3 Months Company Warranty
"realme P4 Lite (Beach Gold, 128 GB)","₹12,999",4,4 GB RAM | 128 GB ROM,17.14 cm (6.75 inch) HD+ Display,13MP Rear Camera | 5MP Front Camera,6300 mAh Battery,1 Year Manufacturer Warranty for Device and 6 Months Manufacturer Warranty for Inbox Accessories
"Samsung Galaxy S25 Plus 5G (Navy, 256 GB)","₹79,999",4.6,12 GB RAM | 256 GB ROM,17.02 cm (6.7 inch) Quad HD+ Display,50MP + 10MP + 12MP | 12MP Front Camera,4900 mAh Battery,1 Year Manufacturer Warranty for Device and 6 Months for In-Box Accessories
"Snectian Rock Z Flip Dual Sim |Keypad Mobile| with 2.4"" Display Call & SMS Indicator","₹2,064",3.7,32 MB RAM | 32 MB ROM,6.1 cm (2.4 inch) Display,2MP Rear Camera,1800 mAh Battery,
"REDMI 15A (Ace Black, 64 GB)","₹14,999",3.9,4 GB RAM | 64 GB ROM | Expandable Upto 2 TB,17.53 cm (6.9 inch) Display,32MP Rear Camera | 8MP Front Camera,6300 mAh Lithium-Ion Polymer Battery,1 Year Manufacturer Warranty for Phone and 6 Months Warranty for In the Box Accessories
"REDMI 15A (Awesome Blue, 128 GB)","₹15,999",3.9,4 GB RAM | 128 GB ROM | Expandable Upto 2 TB,17.53 cm (6.9 inch) Display,32MP Rear Camera | 8MP Front Camera,6300 mAh Lithium-Ion Polymer Battery,1 Year Manufacturer Warranty for Phone and 6 Months Warranty for In the Box Accessories
"Samsung Galaxy F17 5G (Neo Black, 128 GB)","₹18,699",4.2,6 GB RAM | 128 GB ROM | Expandable Upto 2 TB,17.02 cm (6.7 inch) Full HD+ Display,50MP + 5MP | 13MP Front Camera,5000 mAh Battery,1 Year Manufacturer Warranty for Device and 6 Months for In-Box Accessories
"LAVA Blaze (Glass Blue, 64 GB)","₹9,699",4,3 GB RAM | 64 GB ROM | Expandable Upto 256 GB,16.51 cm (6.5 inch) HD+ Display,13MP Triple AI Camera + 8MP front camera | 8MP Front Camera,5000 mAh Lithium Polymer Battery,1 Year Handset Warranty and 6 Months Warranty on Accessories
"REDMI 15A (Awesome Blue, 64 GB)","₹14,999",3.9,4 GB RAM | 64 GB ROM | Expandable Upto 2 TB,17.53 cm (6.9 inch) Display,32MP Rear Camera | 8MP Front Camera,6300 mAh Lithium-Ion Polymer Battery,1 Year Manufacturer Warranty for Phone and 6 Months Warranty for In the Box Accessories
"OPPO F33 5G (Forest Green, 256 GB)","₹39,999",4.3,8 GB RAM | 256 GB ROM,16.69 cm (6.57 inch) Full HD+ AMOLED Display,50MP + 2MP | 16MP Front Camera,7000 mAh lithium-ion polymer Battery,1 Year Manufacturer Warranty for Device and 6 Months Manufacturer Warranty for Inbox Accessories
"Infinix GT 30 Pro 5G+ (Dark Flare, 256 GB)","₹29,999",4.3,8 GB RAM | 256 GB ROM,17.22 cm (6.78 inch) Full HD+ AMOLED Display,108MP + 8MP | 13MP Front Camera,5500 mAh Battery,1 Year Warranty for Handset and 6 Months Warranty for Accessories
HOTLINE H310,₹558,3.5,32 MB RAM | 32 MB ROM,4.57 cm (1.8 inch) Display,0.3MP Rear Camera,100 mAh Battery,
"REDMI Note 14 SE 5G (Crimson Art, 128 GB)","₹19,899",4.2,6 GB RAM | 128 GB ROM,16.94 cm (6.67 inch) Full HD+ Display,50MP + 8MP + 2MP | 20MP Front Camera,5110 mAh Battery,1 Year Warranty on the Handset and 6 Months Warranty on the Inbox Accessories
"Ai+ Nova 2 Ultra 5G (Green, 128 GB)","₹19,999",4.1,8 GB RAM | 128 GB ROM | Expandable Upto 1 TB,17.22 cm (6.78 inch) Full HD+ AMOLED Display,50MP + 8MP | 13MP Front Camera,6000 mAh Li-polymer Battery,1 Year Warranty on Handset and 6 Months Warranty on the Inbox Accessories
"POCO C81 (Sunset Gold, 64 GB)","₹11,100",3.8,4 GB RAM | 64 GB ROM | Expandable Upto 2 TB,17.53 cm (6.9 inch) Display,13MP Rear Camera | 8MP Front Camera,6300 mAh Lithium-Ion Polymer Battery,1 Year Manufacturer Warranty for Phone and 6 Months Warranty for In the Box Accessories
Kechaoda K9,"₹1,399",4.1,32 MB RAM | 64 MB ROM | Expandable Upto 16 GB,6.1 cm (2.4 inch) QVGA Display,0.3MP Rear Camera,1700 mAh Battery,
KARBONN KX29 DS Keypad Mobile|3000 mAh Battery|0.3MP Rear Camera|Expandable Upto 32 GB,"₹1,499",3.7,32 MB RAM | 32 MB ROM | Expandable Upto 32 GB,6.1 cm (2.4 inch) Display,0.3MP Rear Camera,2700 mAh Battery,
"vivo T4 5G (Emerald Blaze, 256 GB)","₹26,999",4.4,8 GB RAM | 256 GB ROM,17.2 cm (6.77 inch) Full HD+ Display,50MP (OIS) + 2MP | 32MP Front Camera,7300 mAh Battery,1 Year Warranty on the Handset and 6 Months Warranty on Inbox Accessories
"REDMI 15A (Amaze Purple, 128 GB)","₹15,999",3.9,4 GB RAM | 128 GB ROM | Expandable Upto 2 TB,17.53 cm (6.9 inch) Display,32MP Rear Camera | 8MP Front Camera,6300 mAh Lithium-Ion Polymer Battery,1 Year Manufacturer Warranty for Phone and 6 Months Warranty for In the Box Accessories
"REDMI 15A (Amaze Purple, 64 GB)","₹14,999",3.9,4 GB RAM | 64 GB ROM | Expandable Upto 2 TB,17.53 cm (6.9 inch) Display,32MP Rear Camera | 8MP Front Camera,6300 mAh Lithium-Ion Polymer Battery,1 Year Manufacturer Warranty for Phone and 6 Months Warranty for In the Box Accessories
"Samsung Galaxy S25 Edge 5G (Titanium Silver, 256 GB)","₹76,999",4.4,12 GB RAM | 256 GB ROM,16.91 cm (6.657 inch) Quad HD+ Display,200MP + 12MP | 12MP Front Camera,3900 mAh Battery,1 Year Manufacturer Warranty for Device and 6 Months for In-Box Accessories
Snexian ROCK X,"₹1,749",3.7,32 MB RAM | 32 MB ROM | Expandable Upto 16 GB,4.57 cm (1.8 inch) Quarter QVGA Display,0.3MP Rear Camera,3000 mAh Battery,
"realme Narzo 90x 5G (Nitro Blue, 128 GB)","₹20,000",4.3,8 GB RAM | 128 GB ROM,17.27 cm (6.8 inch) Display,50MP Rear Camera,7000 mAh Battery,
Kechaoda K9,"₹1,299",4.1,32 MB RAM | 64 MB ROM | Expandable Upto 16 GB,6.1 cm (2.4 inch) QVGA Display,0.3MP Rear Camera,1700 mAh Battery,
"REDMI 15A (Ace Black, 128 GB)","₹17,999",3.7,6 GB RAM | 128 GB ROM | Expandable Upto 2 TB,17.53 cm (6.9 inch) Display,32MP Rear Camera | 8MP Front Camera,6300 mAh Lithium-Ion Polymer Battery,1 Year Manufacturer Warranty for Phone and 6 Months Warranty for In the Box Accessories
"REDMI 15A (Amaze Purple, 128 GB)","₹17,999",3.7,6 GB RAM | 128 GB ROM | Expandable Upto 2 TB,17.53 cm (6.9 inch) Display,32MP Rear Camera | 8MP Front Camera,6300 mAh Lithium-Ion Polymer Battery,1 Year Manufacturer Warranty for Phone and 6 Months Warranty for In the Box Accessories
"realme Narzo 90x 5G (Nitro Blue, 128 GB)","₹19,000",4.3,6 GB RAM | 128 GB ROM,17.27 cm (6.8 inch) Display,50MP Rear Camera,7000 mAh Battery,
"realme Narzo 90x 5G (Flash Blue, 128 GB)","₹18,676",4.3,6 GB RAM | 128 GB ROM,17.27 cm (6.8 inch) Display,50MP Rear Camera,7000 mAh Battery,
"REDMI 15A (Ace Black, 64 GB)","₹14,999",3.9,4 GB RAM | 64 GB ROM | Expandable Upto 2 TB,17.53 cm (6.9 inch) Display,32MP Rear Camera | 8MP Front Camera,6300 mAh Lithium-Ion Polymer Battery,1 Year Manufacturer Warranty for Phone and 6 Months Warranty for In the Box Accessories
"REDMI 15A (Awesome Blue, 128 GB)","₹15,999",3.9,4 GB RAM | 128 GB ROM | Expandable Upto 2 TB,17.53 cm (6.9 inch) Display,32MP Rear Camera | 8MP Front Camera,6300 mAh Lithium-Ion Polymer Battery,1 Year Manufacturer Warranty for Phone and 6 Months Warranty for In the Box Accessories
"Infinix GT 30 Pro 5G+ (Blade White, 256 GB)","₹29,999",4.3,8 GB RAM | 256 GB ROM,17.22 cm (6.78 inch) Display,108MP + 8MP | 13MP Front Camera,5500 mAh Battery,1 Year Warranty for Handset and 6 Months Warranty for Accessories
"REDMI 15C 5G (Midnight Black, 128 GB)","₹16,640",3.8,4 GB RAM | 128 GB ROM,17.53 cm (6.9 inch) Display,50MP Rear Camera,6000 mAh Battery,
"IQOO Z11x 5G (Titan Black, 128 GB)","₹25,998",4.4,8 GB RAM | 128 GB ROM,17.02 cm (6.7 inch) Display,50MP Rear Camera,7200 mAh Battery,
HOTLINE Classic HC56 (Gold),₹634,3.7,32 MB RAM | 32 MB ROM | Expandable Upto 16 GB,4.57 cm (1.8 inch) NA Display,1MP + 0MP | 0MP Front Camera,3000 mAh Battery,3 MONTHS SERVICE CENTRE WARRANTY
"REDMI 15A (Awesome Blue, 64 GB)","₹14,999",3.9,4 GB RAM | 64 GB ROM | Expandable Upto 2 TB,17.53 cm (6.9 inch) Display,32MP Rear Camera | 8MP Front Camera,6300 mAh Lithium-Ion Polymer Battery,1 Year Manufacturer Warranty for Phone and 6 Months Warranty for In the Box Accessories
"Samsung Galaxy S25 5G (Navy, 256 GB)","₹62,999",4.6,12 GB RAM | 256 GB ROM,15.75 cm (6.2 inch) Full HD+ Display,50MP + 10MP + 12MP | 12MP Front Camera,4000 mAh Battery,1 Year Manufacturer Warranty for Device and 6 Months for In-Box Accessories
"Infinix GT 30 Pro 5G+ (Blade White, 256 GB)","₹32,999",4.3,12 GB RAM | 256 GB ROM,17.22 cm (6.78 inch) Display,108MP + 8MP | 13MP Front Camera,5500 mAh Battery,1 Year Warranty for Handset and 6 Months Warranty for Accessories
Micromax X1i Smart,₹983,3.7,32 MB RAM | 32 MB ROM,6.1 cm (2.4 inch) Display,0.08MP Rear Camera,1200 mAh Battery,
"Infinix GT 30 Pro 5G+ (Dark Flare, 256 GB)","₹32,999",4.3,12 GB RAM | 256 GB ROM,17.22 cm (6.78 inch) Display,108MP + 8MP | 13MP Front Camera,5500 mAh Battery,1 Year Warranty for Handset and 6 Months Warranty for Accessories
"Ai+ Pulse 1 (Sparkle Red, 128 GB)","₹9,999",4,6 GB RAM | 128 GB ROM | Expandable Upto 1 TB,17.13 cm (6.745 inch) HD+ Display,50MP Rear Camera | 5MP Front Camera,5000 mAh Battery,1 Year Warranty on Handset and 6 Months Warranty on the Inbox Accessories
"REDMI 15C 5G (Dusk Purple, 128 GB)","₹16,085",3.8,4 GB RAM | 128 GB ROM,17.53 cm (6.9 inch) Display,50MP Rear Camera,6000 mAh Battery,
Kechaoda A26,₹929,4,32 MB RAM | 32 MB ROM | Expandable Upto 16 GB,1.68 cm (0.66 inch) QVGA Display,0MP | 0MP Front Camera,800 mAh Battery,3 Months Company Warranty
"MOTOROLA Signature (PANTONE Carbon, 256 GB)","₹57,499",4.5,12 GB RAM | 256 GB ROM,17.27 cm (6.8 inch) Super HD Display,50MP + 50MP + 50MP | 50MP Front Camera,5200 mAh Battery,1 Year Warranty on Handset and 6 Months Warranty on Accessories
"vivo T4 5G (Emerald Blaze, 256 GB)","₹28,999",4.4,12 GB RAM | 256 GB ROM,17.2 cm (6.77 inch) Display,50MP (OIS) + 2MP | 32MP Front Camera,7300 mAh Battery,1 Year Warranty on the Handset and 6 Months Warranty on Inbox Accessories
"REDMI 15A (Amaze Purple, 128 GB)","₹15,999",3.9,4 GB RAM | 128 GB ROM | Expandable Upto 2 TB,17.53 cm (6.9 inch) Display,32MP Rear Camera | 8MP Front Camera,6300 mAh Lithium-Ion Polymer Battery,1 Year Manufacturer Warranty for Phone and 6 Months Warranty for In the Box Accessories
"REDMI 15A (Amaze Purple, 64 GB)","₹14,999",3.9,4 GB RAM | 64 GB ROM | Expandable Upto 2 TB,17.53 cm (6.9 inch) Display,32MP Rear Camera | 8MP Front Camera,6300 mAh Lithium-Ion Polymer Battery,1 Year Manufacturer Warranty for Phone and 6 Months Warranty for In the Box Accessories
"Ai+ Pulse 1 (Pink, 128 GB)","₹9,999",4,6 GB RAM | 128 GB ROM | Expandable Upto 1 TB,17.13 cm (6.745 inch) HD+ Display,50MP Rear Camera | 5MP Front Camera,5000 mAh Battery,1 Year Warranty on Handset and 6 Months Warranty on the Inbox Accessories
"realme 16T 5G (Starlight Red, 128 GB)","₹31,999",3.7,8 GB RAM | 128 GB ROM,17.27 cm (6.8 inch) HD+ Display,50MP + 2MP | 16MP Front Camera,8000 mAh lithium-ion polymer Battery,1 Year Manufacturer Warranty for Device and 6 Months Manufacturer Warranty for Inbox Accessories
"REDMI 15A (Ace Black, 128 GB)","₹17,999",3.7,6 GB RAM | 128 GB ROM | Expandable Upto 2 TB,17.53 cm (6.9 inch) Display,32MP Rear Camera | 8MP Front Camera,6300 mAh Lithium-Ion Polymer Battery,1 Year Manufacturer Warranty for Phone and 6 Months Warranty for In the Box Accessories
"REDMI 15A (Amaze Purple, 128 GB)","₹17,999",3.7,6 GB RAM | 128 GB ROM | Expandable Upto 2 TB,17.53 cm (6.9 inch) Display,32MP Rear Camera | 8MP Front Camera,6300 mAh Lithium-Ion Polymer Battery,1 Year Manufacturer Warranty for Phone and 6 Months Warranty for In the Box Accessories
LAVA A1 Josh BOL,"₹1,069",4.1,4 MB RAM | 4 MB ROM | Expandable Upto 32 GB,4.5 cm (1.77 inch) Quarter QVGA Display,1000 mAh Battery,1 Year Manufacturer Replacement Guarantee for Phone and 6 months Replacement for Accessories in the Box,
"IQOO 15R 5G (Dark Knight, 256 GB)","₹55,000",4.7,12 GB RAM | 256 GB ROM,16.74 cm (6.59 inch) Display,50MP Rear Camera,7600 mAh Battery,
"Infinix Note edge (Stellar Blue, 256 GB)","₹26,999",4.2,8 GB RAM | 256 GB ROM,17.22 cm (6.78 inch) Full HD+ AMOLED Display,50MP Rear Camera | 13MP Front Camera,6500 mAh Battery,1 year for Handset 6 months for Accessories
"OPPO A6c (Feather White, 128 GB)","₹16,999",3.5,4 GB RAM | 128 GB ROM,17.14 cm (6.75 inch) HD+ Display,13MP Rear Camera | 5MP Front Camera,7000 mAh Battery,1 Year Warranty on Handset and 6 Months Warranty on Accessories
"REDMI 15A (Ace Black, 64 GB)","₹14,999",3.9,4 GB RAM | 64 GB ROM | Expandable Upto 2 TB,17.53 cm (6.9 inch) Display,32MP Rear Camera | 8MP Front Camera,6300 mAh Lithium-Ion Polymer Battery,1 Year Manufacturer Warranty for Phone and 6 Months Warranty for In the Box Accessories
"REDMI 15A (Awesome Blue, 128 GB)","₹15,999",3.9,4 GB RAM | 128 GB ROM | Expandable Upto 2 TB,17.53 cm (6.9 inch) Display,32MP Rear Camera | 8MP Front Camera,6300 mAh Lithium-Ion Polymer Battery,1 Year Manufacturer Warranty for Phone and 6 Months Warranty for In the Box Accessories
"OPPO A6c (Stone Brown, 128 GB)","₹16,999",3.5,4 GB RAM | 128 GB ROM,17.14 cm (6.75 inch) HD+ Display,13MP Rear Camera | 5MP Front Camera,7000 mAh Battery,1 Year Warranty on Handset and 6 Months Warranty on Accessories
Kechaoda A26,₹990,4,32 MB RAM | 32 MB ROM | Expandable Upto 16 GB,1.68 cm (0.66 inch) QVGA Display,0MP | 0MP Front Camera,800 mAh Battery,1 Year DOMESTIC WARRANTY
"REDMI 15A (Awesome Blue, 64 GB)","₹14,999",3.9,4 GB RAM | 64 GB ROM | Expandable Upto 2 TB,17.53 cm (6.9 inch) Display,32MP Rear Camera | 8MP Front Camera,6300 mAh Lithium-Ion Polymer Battery,1 Year Manufacturer Warranty for Phone and 6 Months Warranty for In the Box Accessories
"IQOO Neo 10 (Titanium Chrome, 256 GB)","₹47,990",4.5,12 GB RAM | 256 GB ROM,17.22 cm (6.78 inch) Full HD+ E3 Super AMOLED Display,50MP + 50MP + 8MP | 32MP + 32MP Dual Front Camera,7000 mAh Battery,Domestic warranty 1 year for handset and 6 months for accessories
"IQOO 15R 5G (Dark Knight, 256 GB)","₹52,000",4.7,8 GB RAM | 256 GB ROM,16.74 cm (6.59 inch) Display,50MP Rear Camera,7600 mAh Battery,
GFive SHARK,₹799,3.6,32 MB RAM | 32 MB ROM,4.57 cm (1.8 inch) Display,0.3MP Rear Camera,1000 mAh Battery,
"Google Pixel 10 Pro XL (Jade, 256 GB)","₹1,24,999",4.5,16 GB RAM | 256 GB ROM,17.27 cm (6.8 inch) Quad HD+ Display,50MP + 48MP + 48MP | 42MP Front Camera,5200 mAh Battery,1 Year Domestic Warranty
Sia Vantage Pro F15,"₹1,699",4.2,32 MB RAM | 32 MB ROM | Expandable Upto 8 GB,4.57 cm (1.8 inch) QVGA Display,2MP + 2MP,1050 mAh Battery,No Warranty
"Infinix SMART 20 (Sunlike Orange, 64 GB)","₹12,499",4,4 GB RAM | 64 GB ROM,17.22 cm (6.78 inch) HD+ Display,8MP Rear Camera | 8MP Front Camera,5200 mAh Battery,"1 year for Handset
6 months for Accessories"
"REDMI A7 Pro (Black, 64 GB)","₹12,499",3.8,4 GB RAM | 64 GB ROM | Expandable Upto 2 TB,17.53 cm (6.9 inch) HD+ Display,13MP Rear Camera | 8MP Front Camera,6300 mAh Lithium-Ion Battery,1 Year Manufacturer Warranty for Phone and 6 Months Warranty for In the Box Accessories
"LAVA A5 2023 Keypad Mobile, LED Torch, FM Radio,Call Recording, Expandable Upto 32 GB","₹1,249",3.9,32 MB RAM | 24 MB ROM | Expandable Upto 32 GB,6.1 cm (2.4 inch) QVGA Display,0.3MP Rear Camera,1000 mAh Battery,
"IQOO 15R 5G (Triumph Silver, 256 GB)","₹54,500",4.7,12 GB RAM | 256 GB ROM,16.74 cm (6.59 inch) Display,50MP Rear Camera,7600 mAh Battery,
"POCO X8 Pro (Black, 256 GB)","₹37,999",4.4,12 GB RAM | 256 GB ROM,16.74 cm (6.59 inch) Full HD+ AMOLED Display,50MP + 8MP | 20MP Front Camera,6500 mAh Lithium-Ion Polymer With Silicon Carbon Technology Battery,1 Year Manufacturer Warranty for Phone and 6 Months Warranty for In the Box Accessories
"POCO X8 Pro (Iron man edition, 256 GB)","₹39,999",4.4,12 GB RAM | 256 GB ROM,16.74 cm (6.59 inch) Full HD+ AMOLED Display,50MP + 8MP | 20MP Front Camera,6500 mAh Lithium-Ion Polymer With Silicon Carbon Technology Battery,1 Year Manufacturer Warranty for Phone and 6 Months Warranty for In the Box Accessories
I Kall K 19 CAr,"₹1,305",4,32 MB RAM | 32 MB/64 MB ROM,4.5 cm (1.77 inch) Display,0.3MP Rear Camera,800 mAh Battery,
"Samsung Galaxy S25 5G (Navy, 128 GB)","₹56,999",4.6,12 GB RAM | 128 GB ROM,15.75 cm (6.2 inch) Full HD+ Display,50MP + 10MP + 12MP | 12MP Front Camera,4000 mAh Battery,1 Year Manufacturer Warranty for Device and 6 Months for In-Box Accessories
"Nothing Phone (4a) Pro (Black, 256 GB)","₹55,999",4.6,12 GB RAM | 256 GB ROM,17.35 cm (6.83 inch) Full HD+ AMOLED Display,50MP + 50MP + 8MP | 32MP Front Camera,5400 mAh Lithium ion Battery,1 Year Manufacturing Warranty
itel Ace2 Heera | King Talker | Auto Call Recording | Expendable Storage32GB,₹945,4,32 MB RAM | 32 MB ROM | Expandable Upto 32 GB,4.57 cm (1.8 inch) Display,1000 mAh Battery,1 year manufacturer Warranty,
"REDMI 15A (Amaze Purple, 128 GB)","₹15,999",3.9,4 GB RAM | 128 GB ROM | Expandable Upto 2 TB,17.53 cm (6.9 inch) Display,32MP Rear Camera | 8MP Front Camera,6300 mAh Lithium-Ion Polymer Battery,1 Year Manufacturer Warranty for Phone and 6 Months Warranty for In the Box Accessories
"POCO X8 Pro (Black, 256 GB)","₹34,999",4.3,8 GB RAM | 256 GB ROM,16.74 cm (6.59 inch) Full HD+ AMOLED Display,50MP + 8MP | 20MP Front Camera,6500 mAh Lithium-Ion Polymer With Silicon Carbon Technology Battery,1 Year Manufacturer Warranty for Phone and 6 Months Warranty for In the Box Accessories
"Xiaomi 11i 5G (Stealth Black, 128 GB)","₹24,890",4.2,6 GB RAM | 128 GB ROM | Expandable Upto 1 TB,16.94 cm (6.67 inch) Full HD+ AMOLED Display,108MP Rear Camera | 16MP Front Camera,5160 mAh Li-Polymer Battery,1 Year Manufacturer Warranty for Phone and 6 Months Warranty for in the Box Accessories
"realme Gt 7 (Icesense Blue, 512 GB)","₹46,999",4.4,12 GB RAM | 512 GB ROM,17.22 cm (6.78 inch) Full HD+ AMOLED Display,50MP + 50MP + 50MP + 8MP | 32MP + 32MP Dual Front Camera,7000 mAh Battery,1 Year manufacturer Warranty for handset & 6 months for accessories
"REDMI A7 (Black, 64 GB)","₹11,499",4,3 GB RAM | 64 GB ROM | Expandable Upto 2 TB,17.48 cm (6.88 $inch) HD+ Display,13MP Rear Camera | 8MP Front Camera,5200 mAh Lithium-Ion Battery,1 Year Manufacturer Warranty for Phone and 6 Months Warranty for In the Box Accessories
"POCO X8 Pro (White, 256 GB)","₹37,999",4.4,12 GB RAM | 256 GB ROM,16.74 cm (6.59 inch) Full HD+ AMOLED Display,50MP + 8MP | 20MP Front Camera,6500 mAh Lithium-Ion Polymer With Silicon Carbon Technology Battery,1 Year Manufacturer Warranty for Phone and 6 Months Warranty for In the Box Accessories
"Ai+ Pulse 2 (Black, 128 GB)","₹11,499",3.8,6 GB RAM | 128 GB ROM | Expandable Upto 1 TB,17.13 cm (6.745 inch) HD+ Display,50MP Rear Camera | 8MP Front Camera,6000 mAh Battery,1 Year Warranty on Handset and 6 Months Warranty on the Inbox Accessories
"realme P3 Ultra 5G (Orion Red, 128 GB)","₹26,999",4.4,8 GB RAM | 128 GB ROM,17.35 cm (6.83 inch) Display,50MP + 8MP | 16MP Front Camera,6000 mAh Battery,1 Year Manufacturer Warranty for Device and 6 Months Manufacturer Warranty for Inbox Accessories
itel Ace2 Heera | King Talker | Auto Call Recording | Expendable Storage32GB,₹930,4,32 MB RAM | 32 MB ROM | Expandable Upto 32 GB,4.57 cm (1.8 inch) Display,1000 mAh Battery,1 year manufacturer Warranty,
"realme P3 Ultra 5G (Orion Red, 256 GB)","₹28,999",4.4,8 GB RAM | 256 GB ROM,17.35 cm (6.83 inch) Display,50MP + 8MP | 16MP Front Camera,6000 mAh Battery,1 Year Manufacturer Warranty for Device and 6 Months Manufacturer Warranty for Inbox Accessories
"POCO X8 Pro (Green, 256 GB)","₹34,999",4.3,8 GB RAM | 256 GB ROM,16.74 cm (6.59 inch) Full HD+ AMOLED Display,50MP + 8MP | 20MP Front Camera,6500 mAh Lithium-Ion Polymer With Silicon Carbon Technology Battery,1 Year Manufacturer Warranty for Phone and 6 Months Warranty for In the Box Accessories
"REDMI A7 (Blue, 64 GB)","₹11,499",4,3 GB RAM | 64 GB ROM | Expandable Upto 2 TB,17.48 cm (6.88 $inch) HD+ Display,13MP Rear Camera | 8MP Front Camera,5200 mAh Lithium-Ion Battery,1 Year Manufacturer Warranty for Phone and 6 Months Warranty for In the Box Accessories
"vivo T4 Pro 5G (Blaze Gold, 256 GB)","₹29,999",4.5,8 GB RAM | 256 GB ROM,17.2 cm (6.77 inch) Full HD+ Display,50MP + 2MP + 50MP | 32MP Front Camera,6500 mAh Battery,1 Year Manufacturer Warranty for Device and 6 Months Manufacturer Warranty for Inbox Accessories
"Samsung Galaxy S26 Ultra 5G (Cobalt Violet, 256 GB)","₹1,17,940",4.7,12 GB RAM | 256 GB ROM,17.53 cm (6.9 inch) Quad HD+ Display,200MP + 50MP | 12MP Front Camera,5000 mAh Li-ion Battery,1 Year Manufacturer Warranty for Device and 6 Months for In-Box Accessories
"REDMI 15A (Amaze Purple, 128 GB)","₹15,999",3.9,4 GB RAM | 128 GB ROM | Expandable Upto 2 TB,17.53 cm (6.9 inch) Display,32MP Rear Camera | 8MP Front Camera,6300 mAh Lithium-Ion Polymer Battery,1 Year Manufacturer Warranty for Phone and 6 Months Warranty for In the Box Accessories
"REDMI 15A (Amaze Purple, 64 GB)","₹14,999",3.9,4 GB RAM | 64 GB ROM | Expandable Upto 2 TB,17.53 cm (6.9 inch) Display,32MP Rear Camera | 8MP Front Camera,6300 mAh Lithium-Ion Polymer Battery,1 Year Manufacturer Warranty for Phone and 6 Months Warranty for In the Box Accessories
UiSmart Ui06,"₹1,699",4,512 MB RAM | 32 MB ROM | Expandable Upto 32 TB,4.5 cm (1.77 inch) QVGA Display,2MP + 0MP | 0MP Front Camera,1050 mAh Battery,1 Year For Handset and Six months for Accessories
itel Ace2 Heera | King Talker | Auto Call Recording | Expendable Storage32GB,₹945,4,32 MB RAM | 32 MB ROM | Expandable Upto 32 GB,4.57 cm (1.8 inch) Display,1000 mAh Battery,1 year manufacturer Warranty,
"vivo Y21 5G (Mystic Blue, 128 GB)","₹21,999",4.7,6 GB RAM | 128 GB ROM | Expandable Upto 2 TB,17.12 cm (6.74 inch) Full HD Display,50MP + 0.08MP | 5MP Front Camera,6500 mAh Li-ion Battery,1 Year Manufacturer Warranty for Device and 6 Months Manufacturer Warranty for Inbox Accessories
"IQOO 15R 5G (Triumph Silver, 256 GB)","₹54,500",4.7,12 GB RAM | 256 GB ROM,16.74 cm (6.59 inch) Display,50MP Rear Camera,7600 mAh Battery,
"REDMI 15A (Amaze Purple, 128 GB)","₹17,999",3.7,6 GB RAM | 128 GB ROM | Expandable Upto 2 TB,17.53 cm (6.9 inch) Display,32MP Rear Camera | 8MP Front Camera,6300 mAh Lithium-Ion Polymer Battery,1 Year Manufacturer Warranty for Phone and 6 Months Warranty for In the Box Accessories
"REDMI 15A (Ace Black, 128 GB)","₹17,999",3.7,6 GB RAM | 128 GB ROM | Expandable Upto 2 TB,17.53 cm (6.9 inch) Display,32MP Rear Camera | 8MP Front Camera,6300 mAh Lithium-Ion Polymer Battery,1 Year Manufacturer Warranty for Phone and 6 Months Warranty for In the Box Accessories
Kechaoda K-033 Pink,"₹1,049",4.2,32 MB RAM | 32 GB ROM | Expandable Upto 32 MB,3.66 cm (1.44 inch) NA Display,0.3MP + 0MP | 0MP Front Camera,800 mAh Battery,warranty from service center
"realme P3 Ultra 5G (Orion Red, 256 GB)","₹28,999",4.4,8 GB RAM | 256 GB ROM,17.35 cm (6.83 inch) Display,50MP + 8MP | 16MP Front Camera,6000 mAh Battery,1 Year Manufacturer Warranty for Device and 6 Months Manufacturer Warranty for Inbox Accessories
"REDMI 15A (Awesome Blue, 128 GB)","₹15,999",3.9,4 GB RAM | 128 GB ROM | Expandable Upto 2 TB,17.53 cm (6.9 inch) Display,32MP Rear Camera | 8MP Front Camera,6300 mAh Lithium-Ion Polymer Battery,1 Year Manufacturer Warranty for Phone and 6 Months Warranty for In the Box Accessories
"REDMI 15A (Ace Black, 64 GB)","₹14,999",3.9,4 GB RAM | 64 GB ROM | Expandable Upto 2 TB,17.53 cm (6.9 inch) Display,32MP Rear Camera | 8MP Front Camera,6300 mAh Lithium-Ion Polymer Battery,1 Year Manufacturer Warranty for Phone and 6 Months Warranty for In the Box Accessories
"POCO X8 Pro (Iron man edition, 256 GB)","₹39,999",4.4,12 GB RAM | 256 GB ROM,16.74 cm (6.59 inch) Full HD+ AMOLED Display,50MP + 8MP | 20MP Front Camera,6500 mAh Lithium-Ion Polymer With Silicon Carbon Technology Battery,1 Year Manufacturer Warranty for Phone and 6 Months Warranty for In the Box Accessories
MOTOROLA A10V DS Keypad Phone with Voice Feature|800 mAh Battery|Wireless FM Recording,"₹1,129",4,4 MB RAM | 0.03 GB ROM | Expandable Upto 64 GB,4.57 cm (1.8 inch) Display,800 mAh Battery,1 Year Handset Warranty and 6 Months Warranty on Accessories,
"Samsung Galaxy S24 5G Snapdragon (Onyx Black, 128 GB)","₹49,999",4.6,8 GB RAM | 128 GB ROM,15.75 cm (6.2 inch) Full HD+ Display,50MP + 12MP | 12MP Front Camera,4000 mAh Battery,1 Year Manufacturer Warranty for Device and 6 Months for In-Box Accessories
SIAVANTAGE PRO MINI 27,₹799,3.9,8 MB RAM | 16 MB ROM,1.52 cm (0.6 inch) Display,1.3MP Rear Camera,1000 mAh Battery,
"REDMI 15A (Awesome Blue, 64 GB)","₹14,999",3.9,4 GB RAM | 64 GB ROM | Expandable Upto 2 TB,17.53 cm (6.9 inch) Display,32MP Rear Camera | 8MP Front Camera,6300 mAh Lithium-Ion Polymer Battery,1 Year Manufacturer Warranty for Phone and 6 Months Warranty for In the Box Accessories
"vivo T4 Pro 5G (Blaze Gold, 256 GB)","₹31,999",4.5,12 GB RAM | 256 GB ROM,17.2 cm (6.77 inch) Full HD+ Display,50MP + 2MP + 50MP | 32MP Front Camera,6500 mAh Battery,1 Year Manufacturer Warranty for Device and 6 Months Manufacturer Warranty for Inbox Accessories
HOTLINE CLASSIC ULTRA,₹549,3.5,32 MB RAM | 32 MB ROM | Expandable Upto 16 GB,4.57 cm (1.8 inch) NA Display,1.3MP + 0MP | 0MP Front Camera,1100 mAh Battery,6 Months Domestic Warranty
"Ai+ Pulse 2 (Black, 128 GB)","₹11,499",3.8,6 GB RAM | 128 GB ROM | Expandable Upto 1 TB,17.13 cm (6.745 inch) HD+ Display,50MP Rear Camera | 8MP Front Camera,6000 mAh Battery,1 Year Warranty on Handset and 6 Months Warranty on the Inbox Accessories
"Nothing Phone (4a) Pro (Silver, 128 GB)","₹49,999",4.5,8 GB RAM | 128 GB ROM,17.35 cm (6.83 inch) Full HD+ AMOLED Display,50MP + 50MP + 8MP | 32MP Front Camera,5400 mAh Lithium ion Battery,1 Year Manufacturing Warranty
"LAVA A5 2023 Keypad Mobile, LED Torch, FM Radio,Call Recording, Expandable Upto 32 GB","₹1,249",3.9,32 MB RAM | 24 MB ROM | Expandable Upto 32 GB,6.1 cm (2.4 inch) QVGA Display,0.3MP Rear Camera,1000 mAh Battery,
"OPPO A6c (Stone Brown, 64 GB)","₹13,999",3.5,4 GB RAM | 64 GB ROM,17.14 cm (6.75 inch) HD+ Display,13MP Rear Camera | 5MP Front Camera,7000 mAh Battery,1 Year Warranty on Handset and 6 Months Warranty on Accessories
"Samsung A36 5G (Dark Blue, 256 GB)","₹35,999",3.4,8 GB RAM | 256 GB ROM,17.02 cm (6.7 inch) Full HD+ Display,50MP + 8MP | 12MP Front Camera,5000 mAh Battery,1 Year Manufacturer Warranty for Device and 6 Months for In-Box Accessories
"vivo X300 FE (Urban Olive, 256 GB)","₹79,999",4.6,12 GB RAM | 256 GB ROM,16.03 cm (6.31 inch) Full HD+ AMOLED Display,50MP + 50MP + 8MP | 50MP Front Camera,6500 mAh Battery,1 Year for Handset and 6 Months for In-box Accessories
"vivo X300 FE (Lilac Purple, 256 GB)","₹79,999",4.6,12 GB RAM | 256 GB ROM,16.03 cm (6.31 inch) Full HD+ AMOLED Display,50MP + 50MP + 8MP | 50MP Front Camera,6500 mAh Battery,1 Year for Handset and 6 Months for In-box Accessories
"Infinix SMART 20 (Sunlike Orange, 64 GB)","₹12,499",4,4 GB RAM | 64 GB ROM,17.22 cm (6.78 inch) HD+ Display,8MP Rear Camera | 8MP Front Camera,5200 mAh Battery,"1 year for Handset
6 months for Accessories"
"REDMI A7 Pro (Black, 64 GB)","₹12,499",3.8,4 GB RAM | 64 GB ROM | Expandable Upto 2 TB,17.53 cm (6.9 inch) HD+ Display,13MP Rear Camera | 8MP Front Camera,6300 mAh Lithium-Ion Battery,1 Year Manufacturer Warranty for Phone and 6 Months Warranty for In the Box Accessories
"vivo X300 FE (Noir Black, 256 GB)","₹79,999",4.6,12 GB RAM | 256 GB ROM,16.03 cm (6.31 inch) Full HD+ AMOLED Display,50MP + 50MP + 8MP | 50MP Front Camera,6500 mAh Battery,1 Year for Handset and 6 Months for In-box Accessories
"Ai+ Pulse 2 (Green, 128 GB)","₹11,499",3.8,6 GB RAM | 128 GB ROM | Expandable Upto 1 TB,17.13 cm (6.745 inch) HD+ Display,50MP Rear Camera | 8MP Front Camera,6000 mAh Battery,1 Year Warranty on Handset and 6 Months Warranty on the Inbox Accessories
"POCO X8 Pro (Black, 256 GB)","₹37,999",4.4,12 GB RAM | 256 GB ROM,16.74 cm (6.59 inch) Full HD+ AMOLED Display,50MP + 8MP | 20MP Front Camera,6500 mAh Lithium-Ion Polymer With Silicon Carbon Technology Battery,1 Year Manufacturer Warranty for Phone and 6 Months Warranty for In the Box Accessories
"REDMI 15A (Amaze Purple, 128 GB)","₹15,999",3.9,4 GB RAM | 128 GB ROM | Expandable Upto 2 TB,17.53 cm (6.9 inch) Display,32MP Rear Camera | 8MP Front Camera,6300 mAh Lithium-Ion Polymer Battery,1 Year Manufacturer Warranty for Phone and 6 Months Warranty for In the Box Accessories
"Samsung Galaxy S25 Ultra 5G (Titanium Black, 512 GB)","₹1,33,999",4.6,12 GB RAM | 512 GB ROM,17.53 cm (6.9 inch) Quad HD+ Display,200MP + 50MP + 50MP + 10MP | 12MP Front Camera,5000 mAh Battery,1 Year Manufacturer Warranty for Device and 6 Months for In-Box Accessories
"Samsung Galaxy S26 Ultra 5G (Black, 256 GB)","₹1,23,742",4.7,12 GB RAM | 256 GB ROM,17.53 cm (6.9 inch) Quad HD+ Display,200MP + 50MP | 12MP Front Camera,5000 mAh Li-ion Battery,1 Year Manufacturer Warranty for Device and 6 Months for In-Box Accessories
"realme Narzo 90x 5G (Aqua Blue, 128 GB)","₹20,199",4.3,8 GB RAM | 128 GB ROM,17.27 cm (6.8 inch) Display,50MP Rear Camera,7000 mAh Battery,
"realme 16 5G (Air Black, 256 GB)","₹37,999",4,8 GB RAM | 256 GB ROM,16.69 cm (6.57 inch) Full HD+ AMOLED Display,50MP + 2MP | 50MP Front Camera,7000 mAh Battery,1 Year Manufacturer Warranty for Device and 6 Months Manufacturer Warranty for Inbox Accessories
"REDMI A7 (Black, 64 GB)","₹11,499",4,3 GB RAM | 64 GB ROM | Expandable Upto 2 TB,17.48 cm (6.88 $inch) HD+ Display,13MP Rear Camera | 8MP Front Camera,5200 mAh Lithium-Ion Battery,1 Year Manufacturer Warranty for Phone and 6 Months Warranty for In the Box Accessories
"POCO X8 Pro (Iron man edition, 256 GB)","₹39,999",4.4,12 GB RAM | 256 GB ROM,16.74 cm (6.59 inch) Full HD+ AMOLED Display,50MP + 8MP | 20MP Front Camera,6500 mAh Lithium-Ion Polymer With Silicon Carbon Technology Battery,1 Year Manufacturer Warranty for Phone and 6 Months Warranty for In the Box Accessories
"realme Narzo 80 Lite 4G (Beach Gold, 64 GB)","₹12,609",4.3,4 GB RAM | 64 GB ROM,17.12 cm (6.74 inch) HD+ Display,32MP Rear Camera,6300 mAh Battery,
"Samsung Galaxy S26 5G (White, 256 GB)","₹76,999",4.7,12 GB RAM | 256 GB ROM,16.0 cm (6.3 inch) Full HD+ Display,50MP + 12MP | 12MP Front Camera,4300 mAh Li-ion Battery,1 Year Manufacturer Warranty for Device and 6 Months for In-Box Accessories
"POCO X8 Pro (Black, 256 GB)","₹34,999",4.3,8 GB RAM | 256 GB ROM,16.74 cm (6.59 inch) Full HD+ AMOLED Display,50MP + 8MP | 20MP Front Camera,6500 mAh Lithium-Ion Polymer With Silicon Carbon Technology Battery,1 Year Manufacturer Warranty for Phone and 6 Months Warranty for In the Box Accessories
"POCO X8 Pro (White, 256 GB)","₹37,999",4.4,12 GB RAM | 256 GB ROM,16.74 cm (6.59 inch) Full HD+ AMOLED Display,50MP + 8MP | 20MP Front Camera,6500 mAh Lithium-Ion Polymer With Silicon Carbon Technology Battery,1 Year Manufacturer Warranty for Phone and 6 Months Warranty for In the Box Accessories
"OPPO A6x 5G (Olive Green, 128 GB)","₹18,999",4.3,4 GB RAM | 128 GB ROM,17.14 cm (6.75 inch) HD+ Display,13MP Rear Camera | 5MP Front Camera,6500 mAh Battery,1 Year Manufacturer Warranty for Device and 6 Months Manufacturer Warranty for Inbox Accessories
LAVA A3 King,"₹1,222",4.2,4 MB RAM | 4 MB ROM,4.5 cm (1.77 inch) Display,0.2MP Rear Camera,1750 mAh Battery,
"OPPO A6x 5G (Ice Blue, 128 GB)","₹18,999",4.3,4 GB RAM | 128 GB ROM,17.14 cm (6.75 inch) HD+ Display,13MP Rear Camera | 5MP Front Camera,6500 mAh Battery,1 Year Manufacturer Warranty for Device and 6 Months Manufacturer Warranty for Inbox Accessories
"vivo Y21 5G (Straw Gold, 128 GB)","₹18,999",4.1,4 GB RAM | 128 GB ROM | Expandable Upto 2 TB,17.12 cm (6.74 inch) Full HD Display,50MP + 0.08MP | 5MP Front Camera,6500 mAh Li-ion Battery,1 Year Manufacturer Warranty for Device and 6 Months Manufacturer Warranty for Inbox Accessories
"REDMI A7 (Blue, 64 GB)","₹11,499",4,3 GB RAM | 64 GB ROM | Expandable Upto 2 TB,17.48 cm (6.88 $inch) HD+ Display,13MP Rear Camera | 8MP Front Camera,5200 mAh Lithium-Ion Battery,1 Year Manufacturer Warranty for Phone and 6 Months Warranty for In the Box Accessories
"POCO X8 Pro (Green, 256 GB)","₹34,999",4.3,8 GB RAM | 256 GB ROM,16.74 cm (6.59 inch) Full HD+ AMOLED Display,50MP + 8MP | 20MP Front Camera,6500 mAh Lithium-Ion Polymer With Silicon Carbon Technology Battery,1 Year Manufacturer Warranty for Phone and 6 Months Warranty for In the Box Accessories
"Samsung Galaxy S26 Ultra 5G (Sky Blue, 256 GB)","₹1,39,999",4.7,12 GB RAM | 256 GB ROM,17.53 cm (6.9 inch) Quad HD+ Display,200MP + 50MP | 12MP Front Camera,5000 mAh Li-ion Battery,1 Year Manufacturer Warranty for Device and 6 Months for In-Box Accessories
"realme Narzo Power 5G (Titan Silver, 128 GB)","₹25,990",4.1,8 GB RAM | 128 GB ROM,17.27 cm (6.8 inch) Display,50MP Rear Camera,10001 mAh Battery,
"REDMI 15A (Amaze Purple, 128 GB)","₹15,999",3.9,4 GB RAM | 128 GB ROM | Expandable Upto 2 TB,17.53 cm (6.9 inch) Display,32MP Rear Camera | 8MP Front Camera,6300 mAh Lithium-Ion Polymer Battery,1 Year Manufacturer Warranty for Phone and 6 Months Warranty for In the Box Accessories
"REDMI 15A (Amaze Purple, 64 GB)","₹14,999",3.9,4 GB RAM | 64 GB ROM | Expandable Upto 2 TB,17.53 cm (6.9 inch) Display,32MP Rear Camera | 8MP Front Camera,6300 mAh Lithium-Ion Polymer Battery,1 Year Manufacturer Warranty for Phone and 6 Months Warranty for In the Box Accessories
"REDMI Note 15 SE 5G Snapdragon (Carbon Black, 128 GB)","₹23,999",4.4,8 GB RAM | 128 GB ROM | Expandable Upto 1 TB,17.2 cm (6.77 inch) Full HD+ AMOLED Display,50MP Rear Camera | 20MP Front Camera,5800 mAh Lithium-Ion Polymer Battery,1 Year Manufacturer Warranty for Phone and 6 Months Warranty for In the Box Accessories
itel Circle 1,"₹1,895",4,32 GB RAM | 32 GB ROM | Expandable Upto 32 GB,3.35 cm (1.32 inch) Display,0.3MP Rear Camera,500 mAh Battery,
"vivo V70 FE (Monsoon Blue 2026, 256 GB)","₹40,999",4.4,8 GB RAM | 256 GB ROM,17.35 cm (6.83 inch) Full HD+ AMOLED Display,200MP + 8MP | 50MP Front Camera,7000 mAh Li-ion battery Battery,1 Year Manufacturer Warranty for Device and 6 Months Manufacturer Warranty for Inbox Accessories
Jio Bharat V4 JBV191M2 4G UPI Phone,₹895,3.7,36 MB RAM | 36 MB ROM | Expandable Upto 128 GB,4.5 cm (1.77 inch) QVGA Display,0.3MP Rear Camera | 0MP Front Camera,1000 mAh Battery,1 Year Manufacturer Warranty
"REDMI 15A (Amaze Purple, 128 GB)","₹17,999",3.7,6 GB RAM | 128 GB ROM | Expandable Upto 2 TB,17.53 cm (6.9 inch) Display,32MP Rear Camera | 8MP Front Camera,6300 mAh Lithium-Ion Polymer Battery,1 Year Manufacturer Warranty for Phone and 6 Months Warranty for In the Box Accessories
"REDMI 15A (Ace Black, 128 GB)","₹17,999",3.7,6 GB RAM | 128 GB ROM | Expandable Upto 2 TB,17.53 cm (6.9 inch) Display,32MP Rear Camera | 8MP Front Camera,6300 mAh Lithium-Ion Polymer Battery,1 Year Manufacturer Warranty for Phone and 6 Months Warranty for In the Box Accessories
"Samsung Galaxy M56 5G (Light Green, 128 GB)","₹25,289",4.4,8 GB RAM | 128 GB ROM,17.02 cm (6.7 inch) Full HD+ E3 Super AMOLED Display,50MP + 50MP + 8MP | 12MP + 2MP Dual Front Camera,5000 mAh Battery,one-year warranty covering the device itself
ringme R1+ JUMBO,"₹1,698",4.1,32 MB RAM | 32 MB ROM,6.1 cm (2.4 inch) Display,1MP Rear Camera,4000 mAh Battery,
"REDMI 15A (Ace Black, 64 GB)","₹14,999",3.9,4 GB RAM | 64 GB ROM | Expandable Upto 2 TB,17.53 cm (6.9 inch) Display,32MP Rear Camera | 8MP Front Camera,6300 mAh Lithium-Ion Polymer Battery,1 Year Manufacturer Warranty for Phone and 6 Months Warranty for In the Box Accessories
"REDMI 15A (Awesome Blue, 128 GB)","₹15,999",3.9,4 GB RAM | 128 GB ROM | Expandable Upto 2 TB,17.53 cm (6.9 inch) Display,32MP Rear Camera | 8MP Front Camera,6300 mAh Lithium-Ion Polymer Battery,1 Year Manufacturer Warranty for Phone and 6 Months Warranty for In the Box Accessories
"POCO X8 Pro Max (Black, 256 GB)","₹44,999",4.5,12 GB RAM | 256 GB ROM,17.35 cm (6.83 inch) Full HD+ AMOLED Display,50MP + 8MP | 20MP Front Camera,9000 mAh Lithium-Ion Polymer With Silicon Carbon Technology Battery,1 Year Manufacturer Warranty for Phone and 6 Months Warranty for In the Box Accessories
"realme Narzo Power 5G (Titan Blue, 128 GB)","₹28,999",4.1,8 GB RAM | 128 GB ROM,17.27 cm (6.8 inch) Display,50MP Rear Camera,10001 mAh Battery,
"OPPO A6x 5G (Ice Blue, 64 GB)","₹16,999",4.3,4 GB RAM | 64 GB ROM,17.14 cm (6.75 inch) HD+ Display,13MP Rear Camera | 5MP Front Camera,6500 mAh Battery,1 Year Manufacturer Warranty for Device and 6 Months Manufacturer Warranty for Inbox Accessories
"OPPO A6x 5G (Olive Green, 128 GB)","₹18,999",4.3,4 GB RAM | 128 GB ROM,17.14 cm (6.75 inch) HD+ Display,13MP Rear Camera | 5MP Front Camera,6500 mAh Battery,1 Year Manufacturer Warranty for Device and 6 Months Manufacturer Warranty for Inbox Accessories
"REDMI 15A (Awesome Blue, 64 GB)","₹14,999",3.9,4 GB RAM | 64 GB ROM | Expandable Upto 2 TB,17.53 cm (6.9 inch) Display,32MP Rear Camera | 8MP Front Camera,6300 mAh Lithium-Ion Polymer Battery,1 Year Manufacturer Warranty for Phone and 6 Months Warranty for In the Box Accessories
"OPPO A6x 5G (Ice Blue, 128 GB)","₹18,999",4.3,4 GB RAM | 128 GB ROM,17.14 cm (6.75 inch) HD+ Display,13MP Rear Camera | 5MP Front Camera,6500 mAh Battery,1 Year Manufacturer Warranty for Device and 6 Months Manufacturer Warranty for Inbox Accessories
"Samsung Galaxy S23 FE (Graphite, 128 GB)","₹79,999",4.4,8 GB RAM | 128 GB ROM,16.26 cm (6.4 inch) Full HD+ Display,50MP + 12MP | 10MP Front Camera,4500 mAh Battery,1 Year Manufacturer Warranty for Device and 6 Months for In-Box Accessories
"realme Narzo 80 Lite 4G (Beach Gold, 64 GB)","₹12,609",4.3,4 GB RAM | 64 GB ROM,17.12 cm (6.74 inch) HD+ Display,32MP Rear Camera,6300 mAh Battery,
"OPPO Reno15c 5G (Afterglow Pink, 256 GB)","₹44,999",4.3,12 GB RAM | 256 GB ROM,16.69 cm (6.57 inch) Full HD+ Display,50MP + 8MP + 2MP | Yes,7000 mAh Battery,1 Year Manufacturer Warranty for Device and 6 Months Manufacturer Warranty for Inbox Accessories
Nokia 105 Dual Sim Keypad Phone with Built-in UPI Payments,"₹1,326",3.4,32 MB RAM | 32 MB ROM | Expandable Upto 32 MB,4.5 cm (1.77 inch) Display,0MP | 0MP Front Camera,1000 mAh Battery,
"vivo Y21 5G (Straw Gold, 128 GB)","₹18,999",4.1,4 GB RAM | 128 GB ROM | Expandable Upto 2 TB,17.12 cm (6.74 inch) Full HD Display,50MP + 0.08MP | 5MP Front Camera,6500 mAh Li-ion Battery,1 Year Manufacturer Warranty for Device and 6 Months Manufacturer Warranty for Inbox Accessories
"Samsung Galaxy F17 5G (Black, 128 GB)","₹16,999",4.2,4 GB RAM | 128 GB ROM | Expandable Upto 2 TB,17.02 cm (6.7 inch) Full HD+ Display,50MP + 5MP | 13MP Front Camera,5000 mAh Battery,1 Year Manufacturer Warranty for Device and 6 Months for In-Box Accessories
"vivo V70 FE (Monsoon Blue 2026, 128 GB)","₹37,999",4.4,8 GB RAM | 128 GB ROM,17.35 cm (6.83 inch) Full HD+ AMOLED Display,200MP + 8MP | 50MP Front Camera,7000 mAh Li-ion battery Battery,1 Year Manufacturer Warranty for Device and 6 Months Manufacturer Warranty for Inbox Accessories
"HMD 130 Music Dual Sim, Built-in Loud Speaker, Type C, Built-in UPI App","₹1,804",3.6,8 MB RAM | 4 MB ROM,6.1 cm (2.4 inch) Display,2500 mAh Battery,1 year manufacturer warranty,
"REDMI 15A (Amaze Purple, 128 GB)","₹15,999",3.9,4 GB RAM | 128 GB ROM | Expandable Upto 2 TB,17.53 cm (6.9 inch) Display,32MP Rear Camera | 8MP Front Camera,6300 mAh Lithium-Ion Polymer Battery,1 Year Manufacturer Warranty for Phone and 6 Months Warranty for In the Box Accessories
"REDMI 15A (Amaze Purple, 64 GB)","₹14,999",3.9,4 GB RAM | 64 GB ROM | Expandable Upto 2 TB,17.53 cm (6.9 inch) Display,32MP Rear Camera | 8MP Front Camera,6300 mAh Lithium-Ion Polymer Battery,1 Year Manufacturer Warranty for Phone and 6 Months Warranty for In the Box Accessories
"Infinix GT 30 Pro 5G+ (Prism White, 256 GB)","₹29,999",4.3,8 GB RAM | 256 GB ROM,17.22 cm (6.78 inch) Display,108MP + 8MP | 13MP Front Camera,5500 mAh Battery,1 Year Warranty for Handset and 6 Months Warranty for Accessories
Jio JioBharat V4 4G,₹838,3.7,32 MB RAM | 32 MB ROM,4.5 cm (1.77 inch) Display,0.3MP Rear Camera,1000 mAh Battery,
"REDMI 15A (Ace Black, 128 GB)","₹17,999",3.7,6 GB RAM | 128 GB ROM | Expandable Upto 2 TB,17.53 cm (6.9 inch) Display,32MP Rear Camera | 8MP Front Camera,6300 mAh Lithium-Ion Polymer Battery,1 Year Manufacturer Warranty for Phone and 6 Months Warranty for In the Box Accessories
"REDMI 15A (Amaze Purple, 128 GB)","₹17,999",3.7,6 GB RAM | 128 GB ROM | Expandable Upto 2 TB,17.53 cm (6.9 inch) Display,32MP Rear Camera | 8MP Front Camera,6300 mAh Lithium-Ion Polymer Battery,1 Year Manufacturer Warranty for Phone and 6 Months Warranty for In the Box Accessories
"POCO X8 Pro Max (Black, 512 GB)","₹48,999",4.5,12 GB RAM | 512 GB ROM,17.35 cm (6.83 inch) Full HD+ AMOLED Display,50MP + 8MP | 20MP Front Camera,9000 mAh Lithium-Ion Polymer With Silicon Carbon Technology Battery,1 Year Manufacturer Warranty for Phone and 6 Months Warranty for In the Box Accessories
"realme Narzo 90x 5G (Marine Blue, 128 GB)","₹19,414",4.3,6 GB RAM | 128 GB ROM,17.27 cm (6.8 inch) Display,50MP Rear Camera,7000 mAh Battery,
"POCO C81 (Elite Black, 64 GB)","₹11,100",3.8,4 GB RAM | 64 GB ROM | Expandable Upto 2 TB,17.53 cm (6.9 inch) Display,13MP Rear Camera | 8MP Front Camera,6300 mAh Lithium-Ion Polymer Battery,1 Year Manufacturer Warranty for Phone and 6 Months Warranty for In the Box Accessories
"OPPO Reno15 Pro Mini 5G (Cocoa Brown, 512 GB)","₹64,999",4.6,12 GB RAM | 512 GB ROM,16.05 cm (6.32 inch) Full HD+ Display,200MP + 50MP + 50MP | Yes,6200 mAh Battery,1 Year Manufacturer Warranty for Device and 6 Months Manufacturer Warranty for Inbox Accessories
"REDMI 15A (Ace Black, 64 GB)","₹14,999",3.9,4 GB RAM | 64 GB ROM | Expandable Upto 2 TB,17.53 cm (6.9 inch) Display,32MP Rear Camera | 8MP Front Camera,6300 mAh Lithium-Ion Polymer Battery,1 Year Manufacturer Warranty for Phone and 6 Months Warranty for In the Box Accessories
"REDMI 15A (Awesome Blue, 128 GB)","₹15,999",3.9,4 GB RAM | 128 GB ROM | Expandable Upto 2 TB,17.53 cm (6.9 inch) Display,32MP Rear Camera | 8MP Front Camera,6300 mAh Lithium-Ion Polymer Battery,1 Year Manufacturer Warranty for Phone and 6 Months Warranty for In the Box Accessories
"Samsung Galaxy S26 Ultra 5G (Sky Blue, 512 GB)","₹1,59,999",4.7,12 GB RAM | 512 GB ROM,17.53 cm (6.9 inch) Quad HD+ Display,200MP + 50MP | 12MP Front Camera,5000 mAh Li-ion Battery,1 Year Manufacturer Warranty for Device and 6 Months for In-Box Accessories
"realme P4 5G (Forge Red, 128 GB)","₹24,999",4.4,8 GB RAM | 128 GB ROM,17.2 cm (6.77 inch) Display,50MP + 8MP | 16MP Front Camera,7000 mAh Battery,1 Year Manufacturer Warranty for Device and 6 Months Manufacturer Warranty for Inbox Accessories
"REDMI 15A (Awesome Blue, 64 GB)","₹14,999",3.9,4 GB RAM | 64 GB ROM | Expandable Upto 2 TB,17.53 cm (6.9 inch) Display,32MP Rear Camera | 8MP Front Camera,6300 mAh Lithium-Ion Polymer Battery,1 Year Manufacturer Warranty for Phone and 6 Months Warranty for In the Box Accessories
"OPPO F33 Pro 5G (Misty Forest, 256 GB)","₹40,999",4.3,8 GB RAM | 256 GB ROM,16.69 cm (6.57 inch) Full HD+ AMOLED Display,50MP + 2MP | 50MP Front Camera,7000 mAh lithium-ion polymer Battery,1 Year Manufacturer Warranty for Device and 6 Months Manufacturer Warranty for Inbox Accessories
ringme R1+ JUMBO,"₹1,699",4.1,32 MB RAM | 32 MB ROM,6.1 cm (2.4 inch) Display,1MP Rear Camera,4000 mAh Battery,
"Apple iPhone 17 Pro Max (Deep Blue, 512 GB)","₹1,62,900",4.8,512 GB ROM,17.53 cm (6.9 inch) Super Retina XDR Display,48MP + 48MP + 48MP | 18MP Front Camera,"A19 Chip, 6 Core Processor Processor",
"realme Narzo 90x 5G (Flash Blue, 128 GB)","₹19,999",4.3,8 GB RAM | 128 GB ROM,17.27 cm (6.8 inch) Display,50MP Rear Camera,7000 mAh Battery,
"vivo X300 Pro (Dune Gold, 512 GB)","₹1,09,999",4.7,16 GB RAM | 512 GB ROM,43.74 cm (17.22 cm) Full HD+ Display,50MP + 50MP + 200MP | 50MP Front Camera,6510 mAh Battery,1 Year Warranty on Handset and 6 Months Warranty on Accessories
"Infinix SMART 20 (Sunlike Orange, 64 GB)","₹12,499",4,4 GB RAM | 64 GB ROM,17.22 cm (6.78 inch) HD+ Display,8MP Rear Camera | 8MP Front Camera,5200 mAh Battery,"1 year for Handset
6 months for Accessories"
"REDMI A7 Pro (Black, 64 GB)","₹12,499",3.8,4 GB RAM | 64 GB ROM | Expandable Upto 2 TB,17.53 cm (6.9 inch) HD+ Display,13MP Rear Camera | 8MP Front Camera,6300 mAh Lithium-Ion Battery,1 Year Manufacturer Warranty for Phone and 6 Months Warranty for In the Box Accessories
"Tecno Spark Go 3 (Aurora Purple, 64 GB)","₹11,999",4,4 GB RAM | 64 GB ROM,17.12 cm (6.74 inch) HD+ Display,13MP Rear Camera | 8MP Front Camera,5000 mAh Lithium Polymer Battery,1 Year Manufacturer Warranty for Phone
LAVA Gem 2025,"₹1,794",4.1,4 MB RAM | 32 GB ROM | Expandable Upto 32 GB,7.11 cm (2.8 inch) HVGA Display,0.3MP + 0MP | 0MP Front Camera,2575 mAh Battery,Brand Warranty of 1 Year Available for Mobile and 6 Months for Battery and Accessories
"POCO X8 Pro (Black, 256 GB)","₹37,999",4.4,12 GB RAM | 256 GB ROM,16.74 cm (6.59 inch) Full HD+ AMOLED Display,50MP + 8MP | 20MP Front Camera,6500 mAh Lithium-Ion Polymer With Silicon Carbon Technology Battery,1 Year Manufacturer Warranty for Phone and 6 Months Warranty for In the Box Accessories
"POCO X8 Pro (Iron man edition, 256 GB)","₹39,999",4.4,12 GB RAM | 256 GB ROM,16.74 cm (6.59 inch) Full HD+ AMOLED Display,50MP + 8MP | 20MP Front Camera,6500 mAh Lithium-Ion Polymer With Silicon Carbon Technology Battery,1 Year Manufacturer Warranty for Phone and 6 Months Warranty for In the Box Accessories
HOTLINE CLASSIC V66,₹554,3.6,32 MB RAM | 32 MB ROM,4.5 cm (1.77 inch) Display,1.3MP Rear Camera,1000 mAh Battery,
"vivo V70 (Passion Red, 256 GB)","₹50,999",4.6,8 GB RAM | 256 GB ROM,16.74 cm (6.59 inches) Full HD+ AMOLED Display,50MP + 50MP + 8MP | Yes,6500 mAh Li-ion battery Battery,1 Year Warranty on Handset and 6 Months Warranty on Accessories
"POCO X8 Pro Max (Blue, 256 GB)","₹44,999",4.5,12 GB RAM | 256 GB ROM,17.35 cm (6.83 inch) Full HD+ AMOLED Display,50MP + 8MP | 20MP Front Camera,9000 mAh Lithium-Ion Polymer With Silicon Carbon Technology Battery,1 Year Manufacturer Warranty for Phone and 6 Months Warranty for In the Box Accessories
Kechaoda K9,"₹1,399",4.1,32 MB RAM | 64 MB ROM | Expandable Upto 16 GB,6.1 cm (2.4 inch) QVGA Display,0.3MP Rear Camera,1700 mAh Battery,
"REDMI 15A (Amaze Purple, 128 GB)","₹15,999",3.9,4 GB RAM | 128 GB ROM | Expandable Upto 2 TB,17.53 cm (6.9 inch) Display,32MP Rear Camera | 8MP Front Camera,6300 mAh Lithium-Ion Polymer Battery,1 Year Manufacturer Warranty for Phone and 6 Months Warranty for In the Box Accessories
"REDMI A7 (Black, 64 GB)","₹11,499",4,3 GB RAM | 64 GB ROM | Expandable Upto 2 TB,17.48 cm (6.88 $inch) HD+ Display,13MP Rear Camera | 8MP Front Camera,5200 mAh Lithium-Ion Battery,1 Year Manufacturer Warranty for Phone and 6 Months Warranty for In the Box Accessories
SIAVANTAGE PRO MINI 27,₹799,3.9,8 MB RAM | 16 MB ROM,1.52 cm (0.6 inch) Display,1.3MP Rear Camera,1000 mAh Battery,
Micromax X513+,"₹1,095",3.8,32 MB RAM | 32 MB ROM,4.5 cm (1.77 inch) Display,0.3MP Rear Camera,1750 mAh Battery,
"POCO X8 Pro (Black, 256 GB)","₹34,999",4.3,8 GB RAM | 256 GB ROM,16.74 cm (6.59 inch) Full HD+ AMOLED Display,50MP + 8MP | 20MP Front Camera,6500 mAh Lithium-Ion Polymer With Silicon Carbon Technology Battery,1 Year Manufacturer Warranty for Phone and 6 Months Warranty for In the Box Accessories
"POCO X8 Pro (White, 256 GB)","₹37,999",4.4,12 GB RAM | 256 GB ROM,16.74 cm (6.59 inch) Full HD+ AMOLED Display,50MP + 8MP | 20MP Front Camera,6500 mAh Lithium-Ion Polymer With Silicon Carbon Technology Battery,1 Year Manufacturer Warranty for Phone and 6 Months Warranty for In the Box Accessories
"Apple iPhone 16 Plus (Black, 128 GB)","₹79,900",4.6,128 GB ROM,17.02 cm (6.7 inch) Super Retina XDR Display,48MP + 12MP | 12MP Front Camera,"A18 Chip, 6 Core Processor Processor",
"Samsung Galaxy F06 5G (Lit Violet, 128 GB)","₹11,999",4.2,4 GB RAM | 128 GB ROM | Expandable Upto 1500 GB,17.02 cm (6.7 inch) HD+ Display,50MP + 2MP | 8MP Front Camera,5000 mAh Battery,1 Year Manufacturer Warranty for Device and 6 Months for In-Box Accessories
BlackZone ECO X,"₹1,499",4,32 MB RAM | 32 MB ROM | Expandable Upto 32 GB,4.5 cm (1.77 inch) NA Display,0.3MP Rear Camera,1100 mAh Battery,
"HMD 101 4G Feature Phone with Cloud Phone Apps, Type C Fast Charging","₹2,099",3.8,16 MB RAM | 24 MB ROM,5.08 cm (2 inch) Display,1000 mAh Battery,1 Year Replacement,
"REDMI A7 (Blue, 64 GB)","₹11,499",4,3 GB RAM | 64 GB ROM | Expandable Upto 2 TB,17.48 cm (6.88 $inch) HD+ Display,13MP Rear Camera | 8MP Front Camera,5200 mAh Lithium-Ion Battery,1 Year Manufacturer Warranty for Phone and 6 Months Warranty for In the Box Accessories
"REDMI 15A (Ace Black, 128 GB)","₹15,999",3.9,4 GB RAM | 128 GB ROM | Expandable Upto 2 TB,17.53 cm (6.9 inch) Display,32MP Rear Camera | 8MP Front Camera,6300 mAh Lithium-Ion Polymer Battery,1 Year Manufacturer Warranty for Phone and 6 Months Warranty for In the Box Accessories
"REDMI Note 14 SE 5G (Crimson Art, 128 GB)","₹21,900",4.2,6 GB RAM | 128 GB ROM,16.94 cm (6.67 inch) Full HD+ Display,50MP + 8MP + 2MP | 20MP Front Camera,5110 mAh Battery,1 Year Warranty on the Handset and 6 Months Warranty on the Inbox Accessories
"Infinix SMART 20 (Polaris Titanium, 64 GB)","₹12,499",4,4 GB RAM | 64 GB ROM,17.22 cm (6.78 inch) HD+ Display,8MP Rear Camera | 8MP Front Camera,5200 mAh Battery,"1 year for Handset
6 months for Accessories"
"Apple iPhone 17 (Sage, 512 GB)","₹99,400",4.6,512 GB ROM,16.0 cm (6.3 inch) Super Retina XDR Display,48MP + 48MP | 18MP Front Camera,"A19 Chip, 6 Core Processor Processor",
"Samsung Galaxy F06 5G (Lit Violet, 128 GB)","₹13,999",4.2,6 GB RAM | 128 GB ROM | Expandable Upto 1500 GB,17.02 cm (6.7 inch) HD+ Display,50MP + 2MP | 8MP Front Camera,5000 mAh Battery,1 Year Manufacturer Warranty for Device and 6 Months for In-Box Accessories
"Samsung Galaxy S26 5G (Black, 256 GB)","₹76,850",4.7,12 GB RAM | 256 GB ROM,16.0 cm (6.3 inch) Full HD+ Display,50MP + 12MP | 12MP Front Camera,4300 mAh Li-ion Battery,1 Year Manufacturer Warranty for Device and 6 Months for In-Box Accessories
"MOTOROLA g67 power 5G (Pantone BLUE CURACAO, 256 GB)","₹26,999",4.3,12 GB RAM | 256 GB ROM,17.02 cm (6.7 inch) Full HD+ Display,50MP + 8MP | 32MP Front Camera,7000 mAh Battery,1 Year Warranty on Handset and 6 Months Warranty on Accessories
LAVA Gem 2025,"₹1,794",4.1,4 MB RAM | 32 GB ROM | Expandable Upto 32 GB,7.11 cm (2.8 inch) HVGA Display,0.3MP + 0MP | 0MP Front Camera,2575 mAh Battery,1 YEAR REPLACEMENT WARRANTY
KARBONN K9 Yuva Keypad Mobile| 2500 mAh Battery|2MP Camera|Expandable Memory up to 32GB,"₹1,220",3.8,64 MB RAM | 32 KB ROM,4.57 cm (1.8 inch) QVGA Display,2MP Rear Camera,2502 mAh Battery,
"Samsung Galaxy S26 5G (White, 512 GB)","₹1,07,999",4.7,12 GB RAM | 512 GB ROM,16.0 cm (6.3 inch) Full HD+ Display,50MP + 12MP | 12MP Front Camera,4300 mAh Li-ion Battery,1 Year Manufacturer Warranty for Device and 6 Months for In-Box Accessories
"Infinix NOTE 60 Pro (Torino Black, 256 GB)","₹37,999",4.4,8 GB RAM | 256 GB ROM,17.22 cm (6.78 inch) Full HD+ AMOLED Display,50MP + 8MP | 13MP Front Camera,6500 mAh Battery,1 year for Handset 6 months for Accessories
"Samsung Galaxy S26 5G (Sky Blue, 512 GB)","₹1,07,999",4.7,12 GB RAM | 512 GB ROM,16.0 cm (6.3 inch) Full HD+ Display,50MP + 12MP | 12MP Front Camera,4300 mAh Li-ion Battery,1 Year Manufacturer Warranty for Device and 6 Months for In-Box Accessories
"OPPO F33 Pro 5G (Misty Forest, 128 GB)","₹37,999",4.3,8 GB RAM | 128 GB ROM,16.69 cm (6.57 inch) Full HD+ AMOLED Display,50MP + 2MP | 50MP Front Camera,7000 mAh lithium-ion polymer Battery,1 Year Manufacturer Warranty for Device and 6 Months Manufacturer Warranty for Inbox Accessories
"Infinix SMART 20 (Cloudline Blue, 128 GB)","₹13,999",4,4 GB RAM | 128 GB ROM,17.22 cm (6.78 inch) HD+ Display,8MP Rear Camera | 8MP Front Camera,5200 mAh Battery,"1 year for Handset
6 months for Accessories"
"Samsung Galaxy S25 Edge 5G (Titanium Jetblack, 256 GB)","₹69,999",4.4,12 GB RAM | 256 GB ROM,16.91 cm (6.657 inch) Quad HD+ Display,200MP + 12MP | 12MP Front Camera,3900 mAh Battery,1 Year Manufacturer Warranty for Device and 6 Months for In-Box Accessories
"Apple iPhone Air (Sky Blue, 256 GB)","₹99,900",4.6,256 GB ROM,16.51 cm (6.5 inch) Super Retina XDR Display,48MP Rear Camera | 18MP Front Camera,"A19 Chip, 6 Core Processor Processor",
"realme Gt 7 (Icesense Black, 512 GB)","₹46,999",4.4,12 GB RAM | 512 GB ROM,17.22 cm (6.78 inch) Full HD+ AMOLED Display,50MP + 50MP + 50MP + 8MP | 32MP + 32MP Dual Front Camera,7000 mAh Battery,"Phone, Power Adapter, SIM Tray Ejector, Phone Case, USB Cable"
"realme Gt 7 (Icesense Blue, 256 GB)","₹42,999",4.4,12 GB RAM | 256 GB ROM,17.22 cm (6.78 inch) Full HD+ AMOLED Display,50MP + 50MP + 50MP + 8MP | 32MP + 32MP Dual Front Camera,7000 mAh Battery,1 Year manufacturer Warranty for handset & 6 months for accessories
Kechaoda K28 PRO,"₹1,399",3.8,32 MB RAM | 64 MB ROM | Expandable Upto 16 GB,6.1 cm (2.4 inch) QVGA Display,0.3MP Rear Camera,3000 mAh Battery,
"realme P4 5G (Forge Red, 128 GB)","₹24,499",4.4,6 GB RAM | 128 GB ROM,17.2 cm (6.77 inch) Display,50MP + 8MP | 16MP Front Camera,7000 mAh Battery,1 Year Manufacturer Warranty for Device and 6 Months Manufacturer Warranty for Inbox Accessories
"Infinix SMART 20 (Sunlike Orange, 64 GB)","₹12,499",4,4 GB RAM | 64 GB ROM,17.22 cm (6.78 inch) HD+ Display,8MP Rear Camera | 8MP Front Camera,5200 mAh Battery,"1 year for Handset
6 months for Accessories"
"realme GT 2 Pro (Paper White, 256 GB)","₹28,990",4.2,12 GB RAM | 256 GB ROM,17.02 cm (6.7 inch) Quad HD Display,50MP + 50MP + 2MP | 32MP Front Camera,5000 mAh Lithium Ion Battery,1 Year Manufacturer Warranty for Phone and 6 Months Warranty for In-Box Accessories
"vivo T4 Ultra 5G (Meteor Grey, 256 GB)","₹37,999",4.5,12 GB RAM | 256 GB ROM,16.94 cm (6.67 inch) Full HD+ AMOLED Display,50MP + 8MP + 50MP Periscope | 32MP Front Camera,5500 mAh Battery,1 Year Warranty on the Product and 6 Months Warranty on Inbox Accessories
"realme 16 Pro 5G (Pebble Grey, 256 GB)","₹40,999",4.4,8 GB RAM | 256 GB ROM,17.22 cm (6.78 inch) Full HD+ Display,200MP + 8MP | 50MP Front Camera,7000 mAh Battery,1 Year Manufacturer Warranty for Phone and 6 Months Warranty for In-Box Accessories
"Samsung Galaxy S26 5G (Black, 512 GB)","₹1,07,999",4.7,12 GB RAM | 512 GB ROM,16.0 cm (6.3 inch) Full HD+ Display,50MP + 12MP | 12MP Front Camera,4300 mAh Li-ion Battery,1 Year Manufacturer Warranty for Device and 6 Months for In-Box Accessories
"vivo T4 Ultra 5G (Meteor Grey, 512 GB)","₹39,999",4.5,12 GB RAM | 512 GB ROM,16.94 cm (6.67 inch) Full HD+ AMOLED Display,50MP + 8MP + 50MP Periscope | 32MP Front Camera,5500 mAh Battery,1 Year Warranty on the Product and 6 Months Warranty on Inbox Accessories
"Samsung Galaxy F13 (Waterfall Blue, 64 GB)","₹14,999",4.3,4 GB RAM | 64 GB ROM | Expandable Upto 1 TB,16.76 cm (6.6 inch) Full HD+ Display,50MP + 5MP + 2MP | 8MP Front Camera,6000 mAh Lithium Ion Battery,1 Year Warranty Provided By the Manufacturer from Date of Purchase
"realme P4 5G (Forge Red, 128 GB)","₹24,499",4.4,6 GB RAM | 128 GB ROM,17.2 cm (6.77 inch) Display,50MP + 8MP | 16MP Front Camera,7000 mAh Battery,1 Year Manufacturer Warranty for Device and 6 Months Manufacturer Warranty for Inbox Accessories
"Infinix SMART 20 (Sunlike Orange, 64 GB)","₹12,499",4,4 GB RAM | 64 GB ROM,17.22 cm (6.78 inch) HD+ Display,8MP Rear Camera | 8MP Front Camera,5200 mAh Battery,"1 year for Handset
6 months for Accessories"
"REDMI 15A (Amaze Purple, 128 GB)","₹15,999",3.9,4 GB RAM | 128 GB ROM | Expandable Upto 2 TB,17.53 cm (6.9 inch) Display,32MP Rear Camera | 8MP Front Camera,6300 mAh Lithium-Ion Polymer Battery,1 Year Manufacturer Warranty for Phone and 6 Months Warranty for In the Box Accessories
"REDMI 15A (Amaze Purple, 64 GB)","₹14,999",3.9,4 GB RAM | 64 GB ROM | Expandable Upto 2 TB,17.53 cm (6.9 inch) Display,32MP Rear Camera | 8MP Front Camera,6300 mAh Lithium-Ion Polymer Battery,1 Year Manufacturer Warranty for Phone and 6 Months Warranty for In the Box Accessories
"Infinix SMART 20 (Cloudline Blue, 128 GB)","₹13,999",4,4 GB RAM | 128 GB ROM,17.22 cm (6.78 inch) HD+ Display,8MP Rear Camera | 8MP Front Camera,5200 mAh Battery,"1 year for Handset
6 months for Accessories"
"vivo T4 Ultra 5G (Meteor Grey, 256 GB)","₹37,999",4.5,12 GB RAM | 256 GB ROM,16.94 cm (6.67 inch) Full HD+ AMOLED Display,50MP + 8MP + 50MP Periscope | 32MP Front Camera,5500 mAh Battery,1 Year Warranty on the Product and 6 Months Warranty on Inbox Accessories
"REDMI 15A (Ace Black, 128 GB)","₹17,999",3.7,6 GB RAM | 128 GB ROM | Expandable Upto 2 TB,17.53 cm (6.9 inch) Display,32MP Rear Camera | 8MP Front Camera,6300 mAh Lithium-Ion Polymer Battery,1 Year Manufacturer Warranty for Phone and 6 Months Warranty for In the Box Accessories
"REDMI 15A (Amaze Purple, 128 GB)","₹17,999",3.7,6 GB RAM | 128 GB ROM | Expandable Upto 2 TB,17.53 cm (6.9 inch) Display,32MP Rear Camera | 8MP Front Camera,6300 mAh Lithium-Ion Polymer Battery,1 Year Manufacturer Warranty for Phone and 6 Months Warranty for In the Box Accessories
"realme Gt 7 (Icesense Black, 512 GB)","₹46,999",4.4,12 GB RAM | 512 GB ROM,17.22 cm (6.78 inch) Full HD+ AMOLED Display,50MP + 50MP + 50MP + 8MP | 32MP + 32MP Dual Front Camera,7000 mAh Battery,"Phone, Power Adapter, SIM Tray Ejector, Phone Case, USB Cable"
Kechaoda K28 PRO,"₹1,399",3.8,32 MB RAM | 64 MB ROM | Expandable Upto 16 GB,6.1 cm (2.4 inch) QVGA Display,0.3MP Rear Camera,3000 mAh Battery,
"Infinix Note edge (Solar Orange, 256 GB)","₹26,999",4.2,8 GB RAM | 256 GB ROM,17.22 cm (6.78 inch) Full HD+ AMOLED Display,50MP Rear Camera | 13MP Front Camera,6500 mAh Battery,1 year for Handset 6 months for Accessories
"Motorola g72 (Polar Blue, 128 GB)","₹21,999",4.1,6 GB RAM | 128 GB ROM | Expandable Upto 1 TB,16.64 cm (6.55 inch) Full HD+ Display,108MP + 8MP + 2MP | 16MP Front Camera,5000 mAh Lithium Battery,1 Year on Handset and 6 Months on Accessories
"REDMI 15A (Ace Black, 64 GB)","₹14,999",3.9,4 GB RAM | 64 GB ROM | Expandable Upto 2 TB,17.53 cm (6.9 inch) Display,32MP Rear Camera | 8MP Front Camera,6300 mAh Lithium-Ion Polymer Battery,1 Year Manufacturer Warranty for Phone and 6 Months Warranty for In the Box Accessories
"REDMI 15A (Awesome Blue, 128 GB)","₹15,999",3.9,4 GB RAM | 128 GB ROM | Expandable Upto 2 TB,17.53 cm (6.9 inch) Display,32MP Rear Camera | 8MP Front Camera,6300 mAh Lithium-Ion Polymer Battery,1 Year Manufacturer Warranty for Phone and 6 Months Warranty for In the Box Accessories
"Apple iPhone Air (Sky Blue, 256 GB)","₹99,900",4.6,256 GB ROM,16.51 cm (6.5 inch) Super Retina XDR Display,48MP Rear Camera | 18MP Front Camera,"A19 Chip, 6 Core Processor Processor",
"Samsung Galaxy S26 5G (Black, 512 GB)","₹1,07,999",4.7,12 GB RAM | 512 GB ROM,16.0 cm (6.3 inch) Full HD+ Display,50MP + 12MP | 12MP Front Camera,4300 mAh Li-ion Battery,1 Year Manufacturer Warranty for Device and 6 Months for In-Box Accessories
"REDMI 15A (Awesome Blue, 64 GB)","₹14,999",3.9,4 GB RAM | 64 GB ROM | Expandable Upto 2 TB,17.53 cm (6.9 inch) Display,32MP Rear Camera | 8MP Front Camera,6300 mAh Lithium-Ion Polymer Battery,1 Year Manufacturer Warranty for Phone and 6 Months Warranty for In the Box Accessories
"vivo T4 Ultra 5G (Meteor Grey, 512 GB)","₹39,999",4.5,12 GB RAM | 512 GB ROM,16.94 cm (6.67 inch) Full HD+ AMOLED Display,50MP + 8MP + 50MP Periscope | 32MP Front Camera,5500 mAh Battery,1 Year Warranty on the Product and 6 Months Warranty on Inbox Accessories
"Samsung Galaxy S26 5G (Sky Blue, 512 GB)","₹1,07,999",4.7,12 GB RAM | 512 GB ROM,16.0 cm (6.3 inch) Full HD+ Display,50MP + 12MP | 12MP Front Camera,4300 mAh Li-ion Battery,1 Year Manufacturer Warranty for Device and 6 Months for In-Box Accessories
"Samsung Galaxy S26 5G (White, 512 GB)","₹1,07,999",4.7,12 GB RAM | 512 GB ROM,16.0 cm (6.3 inch) Full HD+ Display,50MP + 12MP | 12MP Front Camera,4300 mAh Li-ion Battery,1 Year Manufacturer Warranty for Device and 6 Months for In-Box Accessories
"Apple iPhone 17 (Sage, 512 GB)","₹99,400",4.6,512 GB ROM,16.0 cm (6.3 inch) Super Retina XDR Display,48MP + 48MP | 18MP Front Camera,"A19 Chip, 6 Core Processor Processor",
LAVA Gem 2025,"₹1,794",4.1,4 MB RAM | 32 GB ROM | Expandable Upto 32 GB,7.11 cm (2.8 inch) HVGA Display,0.3MP + 0MP | 0MP Front Camera,2575 mAh Battery,1 YEAR REPLACEMENT WARRANTY
"realme 16 Pro 5G (Pebble Grey, 256 GB)","₹40,999",4.4,8 GB RAM | 256 GB ROM,17.22 cm (6.78 inch) Full HD+ Display,200MP + 8MP | 50MP Front Camera,7000 mAh Battery,1 Year Manufacturer Warranty for Phone and 6 Months Warranty for In-Box Accessories
"realme 16 Pro+ 5G (Master Grey, 256 GB)","₹55,999",4.6,12 GB RAM | 256 GB ROM,17.27 cm (6.8 inch) Full HD+ AMOLED Display,200MP + 50MP + 8MP | 50MP Front Camera,7000 mAh Battery,1 Year Manufacturer Warranty for Phone and 6 Months Warranty for In-Box Accessories
"Nokia 220 4G Dual SIM Keypad Phone, Built-in UPI App, USB Type C","₹3,699",4,64 MB RAM | 64 MB ROM,7.11 cm (2.8 inch) Display,1450 mAh Battery,1YR BRAND WARRANTY ON HANDSET & 6 MONTHS WARRANTY ON ACCESSORIES,
"POCO X7 5G (Glacier Green, 256 GB)","₹19,999",4.3,8 GB RAM | 256 GB ROM,16.94 cm (6.67 inch) Display,50MP + 8MP + 2MP | 20MP Front Camera,5500 mAh Battery,1 Year Manufacturer Warranty for Phone and 6 Months Warranty for In the Box Accessories
"Infinix SMART 20 (Sunlike Orange, 64 GB)","₹12,499",4,4 GB RAM | 64 GB ROM,17.22 cm (6.78 inch) HD+ Display,8MP Rear Camera | 8MP Front Camera,5200 mAh Battery,"1 year for Handset
6 months for Accessories"
"REDMI A7 Pro (Black, 64 GB)","₹12,499",3.8,4 GB RAM | 64 GB ROM | Expandable Upto 2 TB,17.53 cm (6.9 inch) HD+ Display,13MP Rear Camera | 8MP Front Camera,6300 mAh Lithium-Ion Battery,1 Year Manufacturer Warranty for Phone and 6 Months Warranty for In the Box Accessories
"realme 16T 5G (Starlight Red, 128 GB)","₹29,999",3.8,6 GB RAM | 128 GB ROM,17.27 cm (6.8 inch) HD+ Display,50MP + 2MP | 16MP Front Camera,8000 mAh lithium-ion polymer Battery,1 Year Manufacturer Warranty for Device and 6 Months Manufacturer Warranty for Inbox Accessories
"Apple iPhone 16 (White, 256 GB)","₹74,900",4.6,256 GB ROM,15.49 cm (6.1 inch) Super Retina XDR Display,48MP + 12MP | 12MP Front Camera,"A18 Chip, 6 Core Processor Processor",
"Nokia 105 Single SIM, Keypad Mobile Phone with Wireless FM Radio","₹1,599",4,32 MB RAM | 32 MB ROM,4.5 cm (1.77 inch) QVGA Display,0MP Front Camera,800 mAh Lithium Ion Battery,1YR BRAND WARRANTY ON HANDSET & 6 MONTHS WARRANTY ON ACCESSORIES
"realme 16T 5G (Starlight Black, 128 GB)","₹29,085",3.8,6 GB RAM | 128 GB ROM,17.27 cm (6.8 inch) HD+ Display,50MP + 2MP | 16MP Front Camera,8000 mAh lithium-ion polymer Battery,1 Year Manufacturer Warranty for Device and 6 Months Manufacturer Warranty for Inbox Accessories
"POCO X8 Pro (Black, 256 GB)","₹37,999",4.4,12 GB RAM | 256 GB ROM,16.74 cm (6.59 inch) Full HD+ AMOLED Display,50MP + 8MP | 20MP Front Camera,6500 mAh Lithium-Ion Polymer With Silicon Carbon Technology Battery,1 Year Manufacturer Warranty for Phone and 6 Months Warranty for In the Box Accessories
"REDMI 15A (Amaze Purple, 128 GB)","₹15,999",3.9,4 GB RAM | 128 GB ROM | Expandable Upto 2 TB,17.53 cm (6.9 inch) Display,32MP Rear Camera | 8MP Front Camera,6300 mAh Lithium-Ion Polymer Battery,1 Year Manufacturer Warranty for Phone and 6 Months Warranty for In the Box Accessories
"OPPO F27 Pro+ (Midnight Navy, 256 GB)","₹34,999",4.3,8 GB RAM | 256 GB ROM,17.02 cm (6.7 inch) Full HD+ Display,64MP + 2MP | 8MP Front Camera,5000 mAh Battery,1 Year Manufacturer Warranty for Device and 6 Months Manufacturer Warranty for Inbox Accessories
"Samsung Galaxy S25 Ultra 5G (Titanium Gray, 512 GB)","₹1,04,890",4.6,12 GB RAM | 512 GB ROM,17.53 cm (6.9 inch) Quad HD+ Display,200MP + 50MP + 50MP + 10MP | 12MP Front Camera,5000 mAh Battery,1 Year Manufacturer Warranty for Device and 6 Months for In-Box Accessories
"REDMI A7 (Black, 64 GB)","₹11,499",4,3 GB RAM | 64 GB ROM | Expandable Upto 2 TB,17.48 cm (6.88 $inch) HD+ Display,13MP Rear Camera | 8MP Front Camera,5200 mAh Lithium-Ion Battery,1 Year Manufacturer Warranty for Phone and 6 Months Warranty for In the Box Accessories
"POCO X8 Pro (Iron man edition, 256 GB)","₹39,999",4.4,12 GB RAM | 256 GB ROM,16.74 cm (6.59 inch) Full HD+ AMOLED Display,50MP + 8MP | 20MP Front Camera,6500 mAh Lithium-Ion Polymer With Silicon Carbon Technology Battery,1 Year Manufacturer Warranty for Phone and 6 Months Warranty for In the Box Accessories
"realme 15T 5G (Flowing Silver, 128 GB)","₹27,999",4.2,8 GB RAM | 128 GB ROM,16.69 cm (6.57 inch) Full HD Display,50MP + 2MP | 50MP Front Camera,7000 mAh Battery,1 Year Manufacturer Warranty for Device and 6 Months Manufacturer Warranty for Inbox Accessories
"realme 15T 5G (Suit Titanium, 128 GB)","₹27,999",4.2,8 GB RAM | 128 GB ROM,16.69 cm (6.57 inch) Full HD Display,50MP + 2MP | 50MP Front Camera,7000 mAh Battery,1 Year Manufacturer Warranty for Device and 6 Months Manufacturer Warranty for Inbox Accessories
"realme 15T 5G (Flowing Silver, 256 GB)","₹29,999",4.2,8 GB RAM | 256 GB ROM,16.69 cm (6.57 inch) Full HD Display,50MP + 2MP | 50MP Front Camera,7000 mAh Battery,1 Year Manufacturer Warranty for Device and 6 Months Manufacturer Warranty for Inbox Accessories
"OPPO A6x 5G (Olive Green, 64 GB)","₹16,999",4.3,4 GB RAM | 64 GB ROM,17.14 cm (6.75 inch) HD+ Display,13MP Rear Camera | 5MP Front Camera,6500 mAh Battery,1 Year Manufacturer Warranty for Device and 6 Months Manufacturer Warranty for Inbox Accessories
"POCO X8 Pro (Black, 256 GB)","₹34,999",4.3,8 GB RAM | 256 GB ROM,16.74 cm (6.59 inch) Full HD+ AMOLED Display,50MP + 8MP | 20MP Front Camera,6500 mAh Lithium-Ion Polymer With Silicon Carbon Technology Battery,1 Year Manufacturer Warranty for Phone and 6 Months Warranty for In the Box Accessories
"POCO X8 Pro (White, 256 GB)","₹37,999",4.4,12 GB RAM | 256 GB ROM,16.74 cm (6.59 inch) Full HD+ AMOLED Display,50MP + 8MP | 20MP Front Camera,6500 mAh Lithium-Ion Polymer With Silicon Carbon Technology Battery,1 Year Manufacturer Warranty for Phone and 6 Months Warranty for In the Box Accessories
"Ai+ Pulse 1 (Black, 64 GB)","₹7,999",4.2,4 GB RAM | 64 GB ROM | Expandable Upto 1 TB,17.13 cm (6.745 inch) HD+ Display,50MP Rear Camera | 5MP Front Camera,5000 mAh Battery,1 Year Warranty on Handset and 6 Months Warranty on the Inbox Accessories
MOTOROLA Moto A200,"₹1,135",3.9,56 MB RAM | 36 MB ROM | Expandable Upto 64 GB,4.5 cm (1.77 inch) HVGA Display,0MP | 0MP Front Camera,800 mAh Battery,2 Years Domestic Replacement Warranty
"REDMI A7 (Blue, 64 GB)","₹11,499",4,3 GB RAM | 64 GB ROM | Expandable Upto 2 TB,17.48 cm (6.88 $inch) HD+ Display,13MP Rear Camera | 8MP Front Camera,5200 mAh Lithium-Ion Battery,1 Year Manufacturer Warranty for Phone and 6 Months Warranty for In the Box Accessories
"POCO X8 Pro (Green, 256 GB)","₹34,999",4.3,8 GB RAM | 256 GB ROM,16.74 cm (6.59 inch) Full HD+ AMOLED Display,50MP + 8MP | 20MP Front Camera,6500 mAh Lithium-Ion Polymer With Silicon Carbon Technology Battery,1 Year Manufacturer Warranty for Phone and 6 Months Warranty for In the Box Accessories
"realme 15x 5G (Marine Blue, 128 GB)","₹23,999",4.3,6 GB RAM | 128 GB ROM | Expandable Upto 2 TB,17.27 cm (6.8 inch) Display,50MP Rear Camera | 50MP Front Camera,7000 mAh Battery,1 Year Manufacturer Warranty for Device and 6 Months Manufacturer Warranty for Inbox Accessories
"REDMI Note 15 Pro + 5G (Carbon Black, 256 GB)","₹39,995",4.3,12 GB RAM | 256 GB ROM,17.35 cm (6.83 inch) Display,200MP Rear Camera,6500 mAh Battery,
"LYF Earth 1 (White, 32 GB)","₹21,173",3.5,3 GB RAM | 32 GB ROM | Expandable Upto 32 GB,13.97 cm (5.5 inch) Full HD Display,13MP Rear Camera | 5MP Front Camera,3500 mAh Li-Ion Polymer Battery,1 Year for Mobile & 6 Months for Accessories
Micromax X513+,"₹1,363",3.8,32 MB RAM | 32 MB ROM,4.5 cm (1.77 inch) Display,0.3MP Rear Camera,1750 mAh Battery,
"Infinix SMART 20 (Sunlike Orange, 64 GB)","₹12,499",4,4 GB RAM | 64 GB ROM,17.22 cm (6.78 inch) HD+ Display,8MP Rear Camera | 8MP Front Camera,5200 mAh Battery,"1 year for Handset
6 months for Accessories"
"REDMI A7 Pro (Black, 64 GB)","₹12,499",3.8,4 GB RAM | 64 GB ROM | Expandable Upto 2 TB,17.53 cm (6.9 inch) HD+ Display,13MP Rear Camera | 8MP Front Camera,6300 mAh Lithium-Ion Battery,1 Year Manufacturer Warranty for Phone and 6 Months Warranty for In the Box Accessories
"Samsung Galaxy A36 5G (Awesome Lavender, 256 GB)","₹41,999",4.4,12 GB RAM | 256 GB ROM,17.02 cm (6.7 inch) Full HD+ Display,50MP + 8MP | 12MP Front Camera,5000 mAh Battery,1 Year Manufacturer Warranty for Device and 6 Months for In-Box Accessories
"realme 15T 5G (Silk Blue, 128 GB)","₹27,999",4.2,8 GB RAM | 128 GB ROM,16.69 cm (6.57 inch) Full HD Display,50MP + 2MP | 50MP Front Camera,7000 mAh Battery,1 Year Manufacturer Warranty for Device and 6 Months Manufacturer Warranty for Inbox Accessories
"POCO X8 Pro (Black, 256 GB)","₹37,999",4.4,12 GB RAM | 256 GB ROM,16.74 cm (6.59 inch) Full HD+ AMOLED Display,50MP + 8MP | 20MP Front Camera,6500 mAh Lithium-Ion Polymer With Silicon Carbon Technology Battery,1 Year Manufacturer Warranty for Phone and 6 Months Warranty for In the Box Accessories
"POCO X8 Pro (Iron man edition, 256 GB)","₹39,999",4.4,12 GB RAM | 256 GB ROM,16.74 cm (6.59 inch) Full HD+ AMOLED Display,50MP + 8MP | 20MP Front Camera,6500 mAh Lithium-Ion Polymer With Silicon Carbon Technology Battery,1 Year Manufacturer Warranty for Phone and 6 Months Warranty for In the Box Accessories
"LAVA Blaze Duo 3 (Imperial Gold, 128 GB)","₹19,999",3.8,6 GB RAM | 128 GB ROM | Expandable Upto 128 GB,16.94 cm (6.67 inch) Full HD+ Display,50MP + 64MP | 0MP Front Camera,5000 mAh Battery,1 Year Handset Warranty and 6 Months Warranty on Accessories
"realme Narzo Power 5G (Titan Blue, 256 GB)","₹29,851",4.1,8 GB RAM | 256 GB ROM,17.27 cm (6.8 inch) Display,50MP Rear Camera,10001 mAh Battery,
Jio PRIMA2 4G,"₹3,319",3.8,500 MB RAM | 4 GB ROM | Expandable Upto 128 GB,6.1 cm (2.4 inch) QVGA Display,0.3MP Rear Camera,1800 mAh Battery,
"Samsung Galaxy M56 5G (Light Green, 256 GB)","₹33,990",4.4,8 GB RAM | 256 GB ROM,17.02 cm (6.7 inch) Full HD+ E3 Super AMOLED Display,50MP + 50MP + 8MP | 12MP + 2MP Dual Front Camera,5000 mAh Battery,one-year warranty covering the device itself
"REDMI 15A (Amaze Purple, 128 GB)","₹15,999",3.9,4 GB RAM | 128 GB ROM | Expandable Upto 2 TB,17.53 cm (6.9 inch) Display,32MP Rear Camera | 8MP Front Camera,6300 mAh Lithium-Ion Polymer Battery,1 Year Manufacturer Warranty for Phone and 6 Months Warranty for In the Box Accessories
"REDMI A7 (Black, 64 GB)","₹11,499",4,3 GB RAM | 64 GB ROM | Expandable Upto 2 TB,17.48 cm (6.88 $inch) HD+ Display,13MP Rear Camera | 8MP Front Camera,5200 mAh Lithium-Ion Battery,1 Year Manufacturer Warranty for Phone and 6 Months Warranty for In the Box Accessories
"Infinix NOTE 60 Pro (Mocha Brown, 128 GB)","₹33,999",4.4,8 GB RAM | 128 GB ROM,17.22 cm (6.78 inch) Full HD+ AMOLED Display,50MP + 8MP | 13MP Front Camera,6500 mAh Battery,1 year for Handset 6 months for Accessories
"Samsung Galaxy A36 5G (Awesome White, 128 GB)","₹31,999",4.3,8 GB RAM | 128 GB ROM,17.02 cm (6.7 inch) Full HD+ Display,50MP + 8MP | 12MP Front Camera,5000 mAh Battery,1 Year Manufacturer Warranty for Device and 6 Months for In-Box Accessories
"POCO X8 Pro (Black, 256 GB)","₹34,999",4.3,8 GB RAM | 256 GB ROM,16.74 cm (6.59 inch) Full HD+ AMOLED Display,50MP + 8MP | 20MP Front Camera,6500 mAh Lithium-Ion Polymer With Silicon Carbon Technology Battery,1 Year Manufacturer Warranty for Phone and 6 Months Warranty for In the Box Accessories
"POCO X8 Pro (White, 256 GB)","₹37,999",4.4,12 GB RAM | 256 GB ROM,16.74 cm (6.59 inch) Full HD+ AMOLED Display,50MP + 8MP | 20MP Front Camera,6500 mAh Lithium-Ion Polymer With Silicon Carbon Technology Battery,1 Year Manufacturer Warranty for Phone and 6 Months Warranty for In the Box Accessories
"Samsung Galaxy A14 5G (Dark Red, 128 GB)","₹20,999",4.2,6 GB RAM | 128 GB ROM | Expandable Upto 1 TB,16.76 cm (6.6 inch) Full HD+ Display,50MP + 2MP + 2MP | 13MP Front Camera,5000 mAh Lithium Ion Battery,1 Year Manufacturer Warranty for Device and 6 Months Manufacturer Warranty for In-Box Accessories
"LAVA Play Ultra 5G (Arctic Frost, 128 GB)","₹19,499",4.1,8 GB RAM | 128 GB ROM,16.76 cm (6.6 inch) Display,64MP Rear Camera,5000 mAh Battery,
Jio PRIMA2,"₹3,499",3.8,36 MB RAM | 4 GB ROM | Expandable Upto 128 GB,6.1 cm (2.4 inch) QVGA Display,0.3MP Rear Camera,1800 mAh Battery,
Sia Vantage Pro F15,"₹1,699",4.2,32 MB RAM | 32 MB ROM | Expandable Upto 8 GB,4.57 cm (1.8 inch) QVGA Display,2MP + 2MP,1050 mAh Battery,No Warranty
"REDMI 15A (Amaze Purple, 128 GB)","₹15,999",3.9,4 GB RAM | 128 GB ROM | Expandable Upto 2 TB,17.53 cm (6.9 inch) Display,32MP Rear Camera | 8MP Front Camera,6300 mAh Lithium-Ion Polymer Battery,1 Year Manufacturer Warranty for Phone and 6 Months Warranty for In the Box Accessories
"REDMI 15A (Amaze Purple, 64 GB)","₹14,999",3.9,4 GB RAM | 64 GB ROM | Expandable Upto 2 TB,17.53 cm (6.9 inch) Display,32MP Rear Camera | 8MP Front Camera,6300 mAh Lithium-Ion Polymer Battery,1 Year Manufacturer Warranty for Phone and 6 Months Warranty for In the Box Accessories
"REDMI Note 15 Pro + 5G (Carbon Black, 256 GB)","₹39,995",4.3,12 GB RAM | 256 GB ROM,17.35 cm (6.83 inch) Display,200MP Rear Camera,6500 mAh Battery,
"realme 15x 5G (Marine Blue, 128 GB)","₹23,999",4.3,6 GB RAM | 128 GB ROM | Expandable Upto 2 TB,17.27 cm (6.8 inch) Display,50MP Rear Camera | 50MP Front Camera,7000 mAh Battery,1 Year Manufacturer Warranty for Device and 6 Months Manufacturer Warranty for Inbox Accessories
"REDMI 15A (Ace Black, 128 GB)","₹17,999",3.7,6 GB RAM | 128 GB ROM | Expandable Upto 2 TB,17.53 cm (6.9 inch) Display,32MP Rear Camera | 8MP Front Camera,6300 mAh Lithium-Ion Polymer Battery,1 Year Manufacturer Warranty for Phone and 6 Months Warranty for In the Box Accessories
"REDMI 15A (Amaze Purple, 128 GB)","₹17,999",3.7,6 GB RAM | 128 GB ROM | Expandable Upto 2 TB,17.53 cm (6.9 inch) Display,32MP Rear Camera | 8MP Front Camera,6300 mAh Lithium-Ion Polymer Battery,1 Year Manufacturer Warranty for Phone and 6 Months Warranty for In the Box Accessories
HMD 100 DS | Red,"₹1,059",3.7,4 MB RAM | 4 MB ROM,4.5 cm (1.77 inch) Display,800 mAh Battery,1 Year Replacement,
"Google Pixel 10 Pro XL (Obsidian, 256 GB)","₹1,24,999",4.5,16 GB RAM | 256 GB ROM,17.27 cm (6.8 inch) Quad HD+ Display,50MP + 48MP + 48MP | 42MP Front Camera,5200 mAh Battery,1 Year Domestic Warranty
"vivo Y31 5G (Diamond Green, 128 GB)","₹23,999",4.4,6 GB RAM | 128 GB ROM,16.97 cm (6.68 inch) Full HD+ Display,50MP + 0.08MP | 8MP Front Camera,6500 mAh Battery,1 Year Warranty
"MOTOROLA Edge 60 Pro (Pantone Dazzling Blue, 256 GB)","₹33,999",4.3,12 GB RAM | 256 GB ROM,17.02 cm (6.7 inch) Full HD+ Display,50MP + 50MP + 10MP | 50MP Front Camera,6000 mAh Battery,1 Year Warranty on Handset and 6 Months Warranty on Accessories
"REDMI 15A (Ace Black, 64 GB)","₹14,999",3.9,4 GB RAM | 64 GB ROM | Expandable Upto 2 TB,17.53 cm (6.9 inch) Display,32MP Rear Camera | 8MP Front Camera,6300 mAh Lithium-Ion Polymer Battery,1 Year Manufacturer Warranty for Phone and 6 Months Warranty for In the Box Accessories
"REDMI 15A (Awesome Blue, 128 GB)","₹15,999",3.9,4 GB RAM | 128 GB ROM | Expandable Upto 2 TB,17.53 cm (6.9 inch) Display,32MP Rear Camera | 8MP Front Camera,6300 mAh Lithium-Ion Polymer Battery,1 Year Manufacturer Warranty for Phone and 6 Months Warranty for In the Box Accessories
"realme 15T 5G (Flowing Silver, 256 GB)","₹29,999",4.2,8 GB RAM | 256 GB ROM,16.69 cm (6.57 inch) Full HD Display,50MP + 2MP | 50MP Front Camera,7000 mAh Battery,1 Year Manufacturer Warranty for Device and 6 Months Manufacturer Warranty for Inbox Accessories
"Infinix NOTE 60 Pro (Mocha Brown, 128 GB)","₹33,999",4.4,8 GB RAM | 128 GB ROM,17.22 cm (6.78 inch) Full HD+ AMOLED Display,50MP + 8MP | 13MP Front Camera,6500 mAh Battery,1 year for Handset 6 months for Accessories
"REDMI 15A (Awesome Blue, 64 GB)","₹14,999",3.9,4 GB RAM | 64 GB ROM | Expandable Upto 2 TB,17.53 cm (6.9 inch) Display,32MP Rear Camera | 8MP Front Camera,6300 mAh Lithium-Ion Polymer Battery,1 Year Manufacturer Warranty for Phone and 6 Months Warranty for In the Box Accessories
"LYF Earth 1 (White, 32 GB)","₹21,173",3.5,3 GB RAM | 32 GB ROM | Expandable Upto 32 GB,13.97 cm (5.5 inch) Full HD Display,13MP Rear Camera | 5MP Front Camera,3500 mAh Li-Ion Polymer Battery,1 Year for Mobile & 6 Months for Accessories
TOUCH 18 Rock Z Flip Dual Sim Keypad Mobile with2.4Display Flip Fold Call & SMS Indicator,"₹2,299",4.1,32 MB RAM | 32 MB ROM,6.1 cm (2.4 inch) Display,2MP Rear Camera,1800 mAh Battery,
Jio PRIMA2 4G,"₹3,319",3.8,500 MB RAM | 4 GB ROM | Expandable Upto 128 GB,6.1 cm (2.4 inch) QVGA Display,0.3MP Rear Camera,1800 mAh Battery,
"vivo V70 FE (Northern Lights Purple, 256 GB)","₹40,999",4.4,8 GB RAM | 256 GB ROM,17.35 cm (6.83 inch) Full HD+ AMOLED Display,200MP + 8MP | 50MP Front Camera,7000 mAh Li-ion Battery,1 Year Manufacturer Warranty for Device and 6 Months Manufacturer Warranty for Inbox Accessories
"Nokia 235 4G Dual SIM Keypad Phone, Scan & Pay UPI, USB Type C,","₹4,145",3.7,64 MB RAM | 128 MB ROM,7.11 cm (2.8 inch) Display,2MP Rear Camera,1450 mAh Battery,
ROCK TOUCH Rock Z Flip Dual Sim Keypad Mobile with2.4Display Flip Fold Call & SMS Indicator,"₹1,972",3.6,32 MB RAM | 32 MB ROM,6.1 cm (2.4 inch) Display,2MP Rear Camera,1800 mAh Battery,
Jio PRIMA2,"₹3,499",3.8,36 MB RAM | 4 GB ROM | Expandable Upto 128 GB,6.1 cm (2.4 inch) QVGA Display,0.3MP Rear Camera,1800 mAh Battery,
"Samsung Galaxy S25 Edge 5G (Titanium Silver, 256 GB)","₹64,599",4.4,12 GB RAM | 256 GB ROM,16.91 cm (6.657 inch) Quad HD+ Display,200MP + 12MP | 12MP Front Camera,3900 mAh Battery,1 Year Manufacturer Warranty for Device and 6 Months for In-Box Accessories
"Samsung Galaxy F16 5G (Bling Black, 128 GB)","₹15,499",4.2,8 GB RAM | 128 GB ROM,16.91 cm (6.657 inch) Full HD+ Display,50MP + 5MP + 2MP | 13MP Front Camera,5000 mAh Battery,1 Year Manufacturer Warranty for Device and 6 Months for In-Box Accessories
"Infinix SMART 20 (Sunlike Orange, 64 GB)","₹12,499",4,4 GB RAM | 64 GB ROM,17.22 cm (6.78 inch) HD+ Display,8MP Rear Camera | 8MP Front Camera,5200 mAh Battery,"1 year for Handset
6 months for Accessories"
"REDMI A7 Pro (Black, 64 GB)","₹12,499",3.8,4 GB RAM | 64 GB ROM | Expandable Upto 2 TB,17.53 cm (6.9 inch) HD+ Display,13MP Rear Camera | 8MP Front Camera,6300 mAh Lithium-Ion Battery,1 Year Manufacturer Warranty for Phone and 6 Months Warranty for In the Box Accessories
itel MagicX Play 4G| 1900 mAh battery| Expandable Storage upto 64GB,"₹2,289",3.8,48 MB RAM | 128 MB ROM | Expandable Upto 32 GB,4.57 cm (1.8 inch) Display,0.3MP Rear Camera,1900 mAh Battery,
"realme 16 5G (Air White, 128 GB)","₹34,999",4,8 GB RAM | 128 GB ROM,16.69 cm (6.57 inch) Full HD+ AMOLED Display,50MP + 2MP | 50MP Front Camera,7000 mAh Battery,1 Year Manufacturer Warranty for Device and 6 Months Manufacturer Warranty for Inbox Accessories
Easyfone Royale,"₹4,990",4.1,32 MB RAM | 32 MB ROM | Expandable Upto 32 GB,7.11 cm (2.8 inch) QVGA Display,0.3MP Rear Camera | 0MP Front Camera,1150 mAh Battery,Clear Sound with Sound Boost Option
"OPPO Reno14 5G (Pearl White, 256 GB)","₹44,999",4.5,8 GB RAM | 256 GB ROM,16.74 cm (6.59 inch) Display,50MP + 8MP + 50MP | 50MP Front Camera,6000 mAh Battery,1 Year Manufacturer Warranty for Device and 6 Months Manufacturer Warranty for Inbox Accessories
"POCO X8 Pro (Black, 256 GB)","₹37,999",4.4,12 GB RAM | 256 GB ROM,16.74 cm (6.59 inch) Full HD+ AMOLED Display,50MP + 8MP | 20MP Front Camera,6500 mAh Lithium-Ion Polymer With Silicon Carbon Technology Battery,1 Year Manufacturer Warranty for Phone and 6 Months Warranty for In the Box Accessories
"REDMI 15A (Amaze Purple, 128 GB)","₹15,999",3.9,4 GB RAM | 128 GB ROM | Expandable Upto 2 TB,17.53 cm (6.9 inch) Display,32MP Rear Camera | 8MP Front Camera,6300 mAh Lithium-Ion Polymer Battery,1 Year Manufacturer Warranty for Phone and 6 Months Warranty for In the Box Accessories
"Ai+ Nova 2 Pro 5G (Green, 128 GB)","₹22,999",4.3,8 GB RAM | 128 GB ROM | Expandable Upto 2 TB,17.53 cm (6.9 inch) Full HD+ Display,48MP Rear Camera | 13MP Front Camera,6000 mAh Li-polymer Battery,1 Year Warranty on Handset and 6 Months Warranty on the Inbox Accessories
"realme 13+ 5G (Victory Gold, 256 GB)","₹25,849",4,8 GB RAM | 256 GB ROM | Expandable Upto 2 TB,16.94 cm (6.67 inch) Full HD+ Display,50MP + 2MP | 16MP Front Camera,5000 mAh Battery,1 Year Manufacturer Warranty for Device and 6 Months Manufacturer Warranty for Inbox Accessories
"REDMI A7 (Black, 64 GB)","₹11,499",4.4,3 GB RAM | 64 GB ROM | Expandable Upto 2 TB,17.48 cm (6.88 $inch) HD+ Display,13MP Rear Camera | 8MP Front Camera,5200 mAh Lithium-Ion Battery,1 Year Manufacturer Warranty for Phone and 6 Months Warranty for In the Box Accessories
"POCO X8 Pro (Iron man edition, 256 GB)","₹39,999",3.8,12 GB RAM | 256 GB ROM,16.74 cm (6.59 inch) Full HD+ AMOLED Display,50MP + 8MP | 20MP Front Camera,6500 mAh Lithium-Ion Polymer With Silicon Carbon Technology Battery,1 Year Manufacturer Warranty for Phone and 6 Months Warranty for In the Box Accessories
"Fuziqra New Rock X Flip Dual Sim Keypad Mobile with 1.8""Display Flip/Fold Call & SMS","₹2,095",4.2,32 MB RAM | 32 MB ROM,4.57 cm (1.8 inch) Display,0.3MP Rear Camera,3000 mAh Battery,
"realme 13+ 5G (Victory Gold, 256 GB)","₹26,999",3.5,12 GB RAM | 256 GB ROM | Expandable Upto 2 TB,16.94 cm (6.67 inch) Full HD+ Display,50MP + 2MP | 16MP Front Camera,5000 mAh Battery,1 Year Manufacturer Warranty for Device and 6 Months Manufacturer Warranty for Inbox Accessories
HOTLINE V66,₹576,4.5,32 MB RAM | 32 MB ROM,4.5 cm (1.77 inch) Display,1.3MP Rear Camera,1000 mAh Battery,
"Samsung Galaxy S24 FE 5G (Mint, 256 GB)","₹45,999",4.3,8 GB RAM | 256 GB ROM,17.02 cm (6.7 inch) Full HD+ Display,50MP + 12MP + 8MP | 10MP Front Camera,4700 mAh Battery,1 Year Manufacturer Warranty for Device and 6 Months for In-Box Accessories
"POCO X8 Pro (Black, 256 GB)","₹34,999",4.4,8 GB RAM | 256 GB ROM,16.74 cm (6.59 inch) Full HD+ AMOLED Display,50MP + 8MP | 20MP Front Camera,6500 mAh Lithium-Ion Polymer With Silicon Carbon Technology Battery,1 Year Manufacturer Warranty for Phone and 6 Months Warranty for In the Box Accessories
"POCO X8 Pro (White, 256 GB)","₹37,999",3.9,12 GB RAM | 256 GB ROM,16.74 cm (6.59 inch) Full HD+ AMOLED Display,50MP + 8MP | 20MP Front Camera,6500 mAh Lithium-Ion Polymer With Silicon Carbon Technology Battery,1 Year Manufacturer Warranty for Phone and 6 Months Warranty for In the Box Accessories
leysky Power X Curvy Keypad Phone,"₹1,479",3.9,32 MB RAM | 32 MB ROM | Expandable Upto 16 GB,7.11 cm (2.8 inch) VGA Display,0.3MP Rear Camera,3000 mAh Battery,3 Months Warranty
Good One FLIP,"₹1,834",4,32 MB RAM | 32 MB ROM,4.57 cm (1.8 inch) Display,2MP Rear Camera,1050 mAh Battery,
"REDMI A7 (Blue, 64 GB)","₹11,499",4.3,3 GB RAM | 64 GB ROM | Expandable Upto 2 TB,17.48 cm (6.88 $inch) HD+ Display,13MP Rear Camera | 8MP Front Camera,5200 mAh Lithium-Ion Battery,1 Year Manufacturer Warranty for Phone and 6 Months Warranty for In the Box Accessories
"POCO X8 Pro (Green, 256 GB)","₹34,999",4.1,8 GB RAM | 256 GB ROM,16.74 cm (6.59 inch) Full HD+ AMOLED Display,50MP + 8MP | 20MP Front Camera,6500 mAh Lithium-Ion Polymer With Silicon Carbon Technology Battery,1 Year Manufacturer Warranty for Phone and 6 Months Warranty for In the Box Accessories
"Samsung Galaxy A06 5G (Light Gray, 64 GB)","₹13,514",4.4,4 GB RAM | 64 GB ROM,17.02 cm (6.7 inch) HD+ Display,50MP + 2MP | 8MP Front Camera,5000 mAh Li-ion Battery,1 Year Manufacturer Warranty for Device and 6 Months for In-Box Accessories
"POCO X8 Pro (Green, 256 GB)","₹37,999",4.5,12 GB RAM | 256 GB ROM,16.74 cm (6.59 inch) Full HD+ AMOLED Display,50MP + 8MP | 20MP Front Camera,6500 mAh Lithium-Ion Polymer With Silicon Carbon Technology Battery,1 Year Manufacturer Warranty for Phone and 6 Months Warranty for In the Box Accessories
